symbol,sector,industry,beta_5Y_Monthly,bookValue_book_value_per_share,earningsQuarterlyGrowth_Quarterly_earnings_growth_year-over-year,enterpriseToEbitda,enterpriseToRevenue,enterpriseValue,forwardEps_forward_means_using_forecast_earning_for_next_12_month,forwardPE,heldPercentInsiders,heldPercentInstitutions,netIncomeToCommon_income_that_could_be_given_to_common_stockholders_ttm,pegRatio,priceToBook,trailingEps_for_recent_past_12_month,averageDailyVolume10Day,averageDailyVolume3Month,marketCap,currentRatio_mrq,debtToEquity_mrq,ebitda_ttm,ebitdaMargins_ttm,freeCashflow_ttm,grossMargins_ttm,grossProfits_ttm,operatingCashflow_ttm,operatingMargins_ttm,profitMargins_ttm,quickRatio_mrq,returnOnAssets_ttm,returnOnEquity_ttm,revenueGrowth_quarterly_revenue_growth_yoy,"revenuePerShare_ttm
totalCash_mrq",totalCashPerShare_mrq,totalDebt_mrq,totalRevenue_ttm,environmentScore,esgPerformance,governanceScore,highestControversy,peerEnvironmentPerformance,peerEsgScorePerformance,peerGovernancePerformance,peerHighestControversyPerformance,peerSocialPerformance,socialScore,totalEsg,fiftyDayAverage,fiftyTwoWeekHigh,fiftyTwoWeekLow,twoHundredDayAverage,dividendRate,dividendYield,fiveYearAvgDividendYield,payoutRatio
NMFC,Financial Services,Asset Management,1.187841,13.144,0.232,{},10.161,3227241984,1.45,8.575862,0.1076,0.44335997,83113000,5.48,0.94605905,0.81,381980,298890,1255151616,0.469,148.978,{},0.0,83426248,1.0,294630000,76672000,0.73512,0.26167,0.389,0.0433,0.06082,0.333,3.15,0.46,1994067968,317620000,{},{},{},{},{},{},{},{},{},{},{},12.1116,13.59,11.17,12.3096,1.24,0.1,10.44,1.55
XPON,Industrials,Electrical Equipment & Parts,{},1.439,{},-4.753,5.189,33805896,-0.8,-6.85,0.43932998,0.025840001,-8816965,{},3.8082001,-1.47,36930,47106,37870744,4.173,43.867,-7112479,-1.09176,-4070225,0.28705,{},-7397702,-1.11999,-1.3534,2.257,-0.37053,-1.53461,-0.301,0.963,0.829,4356540,6514669,{},{},{},{},{},{},{},{},{},{},{},4.8512,7.15,0.9,3.30656,{},{},{},0.0
NUBI,Financial Services,Shell Companies,{},-0.393,{},{},{},165772320,{},{},0.0,0.98524004,753564,{},{},0.07,15160,54258,165257824,0.105,{},{},0.0,{},0.0,{},-1244840,0.0,0.0,0.036,{},{},{},{},0.006,1235000,{},{},{},{},{},{},{},{},{},{},{},{},10.5468,11.61,9.97,10.316745,{},{},{},0.0
FCNCO,Financial Services,Banks—Regional,0.987676,1262.742,34.122,{},2.272,8868820992,{},{},0.0,0.13567,10288000000,{},0.016321626,57.468,16440,19346,{},{},{},{},0.0,{},0.0,3999000000,1852000000,0.2475,2.65053,{},0.06401,0.69461995,-0.161,256.459,2800.759,48355999744,3903000064,{},{},{},{},{},{},{},{},{},{},{},20.38864,24.28,16.58,20.7714,1.41,0.0687,{},{}
NTWK,Technology,Software—Application,0.659507,3.339,{},-5.854,0.445,23208218,0.38,{},0.19761999,0.23885,-2336472,{},0.6948188,-0.21,14980,10730,26213680,2.312,17.688,-3964345,-0.07602,-6870675,0.37547,26686267,99290,-0.14241,-0.04481,2.176,-0.06554,-0.0094800005,-0.088,4.629,1.351,7256953,52147296,{},{},{},{},{},{},{},{},{},{},{},2.2918,3.8,2.11,2.7784,{},{},{},0
CDAQU,Financial Services,Shell Companies,{},-0.349,-0.526,{},{},274632704,{},{},0.0,0.03768,7752850,{},{},-0.589,170,195,{},1.015,{},{},0.0,332868,0.0,{},-662407,0.0,0.0,0.729,-0.00352,{},{},{},0.029,327321,{},{},{},{},{},{},{},{},{},{},{},{},10.3073,11.06,9.67,10.096315,{},{},{},{}
HPF,Financial Services,Asset Management,0.818989,17.13,{},{},14.389,532076256,{},{},0.00041,0.07026,-20547684,{},0.87624055,-0.97,49730,42531,323112768,5.817,56.204,{},0.0,19804844,1.0,36332223,31056680,0.87483,-0.55569,1.279,0.03358,-0.052210003,0.035,1.722,0.005,206700000,36976872,7.69,LAG_PERF,7.8,,4.360769230769231,27.628461538461544,9.184615384615386,{},10.476153846153846,10.3,29.33,14.7882,19.38,13.93,15.84085,1.48,0.0994,7.99,{}
EGGF,Financial Services,Shell Companies,{},-0.484,-0.651,{},{},290893856,{},{},0.0,1.0865899,872031,{},{},0.03,2920,70393,101623920,0.06,{},{},0.0,1332804,0.0,{},-1327013,0.0,0.0,0.035,-0.0119,{},{},{},0.007,1400000,{},{},{},{},{},{},{},{},{},{},{},{},10.2648,10.35,9.71,10.05258,{},{},{},0
VNOM,Energy,Oil & Gas Midstream,1.92007,9.25,1.046,5.578,5.314,4205447168,1.86,13.876344,0.01523,0.75054,168662000,0.35,2.7902703,2.22,352660,389325,4199983872,4.477,30.324,753897984,0.95263,285376640,1.0,823610000,671201024,0.79512,0.21359,4.315,0.13064,0.2713,-0.164,10.62,0.126,695153984,791388032,{},{},{},{},{},{},{},{},{},{},{},26.6182,36.1,24.27,29.812075,2.12,0.0806,7.35,1.0933
MODN,Technology,Software—Application,0.702527,2.419,{},-274.932,5.7,1345790080,1.12,30.584822,0.06372,1.03432,-51699000,0.37,14.160811,-1.39,238130,273578,1322558208,3.699,317.898,-4895000,-0.02073,27706624,0.5582,122044000,16209000,-0.05789,-0.21897,3.579,-0.02022,-0.46141,0.175,6.314,7.102,292977984,236100000,{},{},{},{},{},{},{},{},{},{},{},31.8058,43.18,24.2,35.2648,{},{},{},0
CF,Basic Materials,Agricultural Inputs,1.003521,27.976,-0.366,3.001,1.628,16817550336,7.15,9.8069935,0.00417,0.94539,3023000064,-0.25,2.5064342,15.02,2344840,2653810,13673400320,4.464,40.198,5603999744,0.5425,2618125056,0.48654,5861000000,3411000064,0.46041,0.29264,3.836,0.21872999,0.47645,-0.298,51.598,14.493,3252000000,10330000384,16.82,OUT_PERF,5.49,1,13.391718750000003,26.930468749999992,7.6271875000000025,1.46875,5.912812500000003,7.73,30.03,68.2926,119.6,60.08,85.06625,1.6,0.0227,2.52,0.1065
PHR,Healthcare,Health Information Services,0.613324,4.92,{},-10.318,4.939,1488582144,-0.79,-37.36709,0.04147,0.94677,-162435008,{},6,-2.96,493820,441341,1663974528,2.894,5.546,-144275008,-0.47868,-36703248,0.6227,171643000,-70149000,-0.54366,-0.53893,2.443,-0.25195,-0.50381,0.323,5.709,2.791,14620000,301400992,{},{},{},{},{},{},{},{},{},{},{},31.1898,40.0,21.67,30.8768,{},{},{},0
IOBT,Healthcare,Biotechnology,{},4.311,{},1.049,{},-75704392,-2.13,-0.8685446,0.11136,0.78955,-71298000,{},0.4291348,-2.31,85980,164818,53308304,12.771,2.279,-72187504,0.0,-26925124,0.0,{},-53575000,0.0,0.0,12.507,-0.26672,-0.44854,{},{},4.46,2831000,{},{},{},{},{},{},{},{},{},{},{},{},1.97704,5.12,1.56,2.38449,{},{},{},0
EXC,Utilities,Utilities—Regulated Electric,0.610915,25.203,0.121,12.891,4.189,80915464192,2.51,16.278885,0.00201,0.84914,2241999872,2.7,1.6212356,2.26,4997070,6326130,40638091264,0.961,166.696,6277000192,0.325,-3118000128,0.43175998,8114000000,3572000000,0.18768999,0.11608,0.48,0.0239,0.09235,0.044,19.519,0.525,41784000512,19313999872,8.83,AVG_PERF,6.59,3,12.56307692307692,29.193925233644865,6.411346153846154,1.794392523364486,9.910096153846151,8.97,24.39,40.9316,47.23,35.19,40.84775,1.44,0.0361,3.3,0.6073
DOW,Basic Materials,Chemicals,1.325534,28.532,{},7.054,0.957,51208388608,4.59,11.333333,0.0012899999,0.63971,2900999936,-7.74,1.8232161,4.01,3646560,4474636,37086986240,1.845,80.014,7258999808,0.13571,3712124928,0.13276,8564000000,6407000064,0.08759,0.05459,0.925,0.04775,0.15022,-0.224,74.873,5.57,16574999552,53489000448,{},{},{},{},{},{},{},{},{},{},{},52.4048,60.875,42.91,52.30685,2.8,0.0529,{},0.6931
CCEL,Healthcare,Medical Care Facilities,0.323591,-0.081,-0.078,9.614,1.897,58618116,0.15,42.6,0.47586,0.12586,2706173,{},{},0.32,10360,7921,53060004,0.562,{},6097002,0.1973,-6808467,0.71664,21544391,8709814,0.14964,0.08757,0.462,0.04779,1.5187199,0.078,3.657,0.267,11009869,30902632,{},{},{},{},{},{},{},{},{},{},{},5.258,8.12,2.69,4.63495,{},{},{},0
CLMT,Energy,Oil & Gas E&P,2.041197,-6.604,{},11.673,0.762,3526336000,1.83,8.5245905,0.22026,0.28679,-40100000,1.35,{},-0.5,55680,83278,1247349632,0.632,{},302100000,0.06531,-418262496,0.09869,370200000,76800000,0.043709997,-0.008669999,0.243,0.05096,{},-0.056,58.166,0.14,2014300032,4625699840,{},{},{},{},{},{},{},{},{},{},{},16.372,20.5,8.75,16.66125,{},{},{},0
TGNA,Communication Services,Broadcasting,0.617144,14.009,-0.223,5.666,1.891,6135874048,3.35,4.814925,0.00912,0.90446997,599590976,0.86,1.1514026,2.65,1986460,1834766,3270792704,3.702,99.3,1082936064,0.33368,619985600,0.47351003,1586024000,786278016,0.29689,0.18504,3.521,0.08453,0.20706,-0.044,14.482,3.036,3146838016,3245448960,,UNDER_PERF,,1,0.5145833333333333,14.155862068965519,6.485833333333332,1.2413793103448276,6.9508333333333345,,14.28,16.142,22.29,15.09,18.54385,0.46,0.027999999,1.98,0.1423
FLFVW,{},{},{},{},{},{},{},{},{},{},{},{},{},{},{},{},{},{},{},{},{},{},{},{},{},{},{},{},{},{},{},{},{},{},{},{},{},{},{},{},{},{},{},{},{},{},{},{},{},0.0325,0.0325,{},{},{},{},{}
SYRS,Healthcare,Biotechnology,1.659154,5.231,{},0.288,-3.253,-40224624,-4.77,-0.6289308,0.01021,0.54535,-93297000,{},0.5735041,-4.66,70510,81158,64233600,7.373,59.178,-139508000,0,-84043376,1,14880000,-129949000,-11.517099,0,7.115,-0.49815,-1.10088,-0.46,0.686,8.05,63174000,12367000,{},{},{},{},{},{},{},{},{},{},{},3.3684,11.0,2.42,3.9294,{},{},{},0
USA,Financial Services,Asset Management,1.143309,5.899,-0.669,{},{},{},0.01,{},0.00068000006,0.10687,-412162240,{},1.0874724,-1.6,491910,582418,1737547648,1.054,0.235,{},0,{},1,24600914,{},0.357,0,1.053,0.00296,-0.22587,0.164,0.093,{},3686675,24600914,4.03,AVG_PERF,7.91,,3.2625,21.4525,7.58,{},9.845,10.19,22.31,6.1038,7.04,5.41,6.0639,0.6,0.094799995,10.53,{}
HGTY,Financial Services,Insurance—Property & Casualty,0.728848,0.745,{},-175.703,1.406,1178791936,0.27,34.296295,0.11327,0.83746004,2472000,{},12.42953,-0.09,68610,96636,5430740480,1.332,47.061,-6709000,-0.008,-83344000,0.52013,405644000,58042000,-0.05631,0.0029499999,0.399,-0.02537,-0.08805,0.301,10.107,0.751,167875008,838129024,{},{},{},{},{},{},{},{},{},{},{},9.3674,13.58,7.72,9.051,{},{},{},0
MSB,Basic Materials,Steel,0.962323,0.95,-0.925,{},-55.613,256119744,-19.83,{},0.00077,0.37535,-7262961,{},21.210526,-0.55,24380,37076,264368000,67.77,{},{},0,-12894726,0,7741974,-97540,1.5596001,0,67.247,-0.15142,-0.3362,-0.87,-0.351,0.999,0,-4605425,{},{},{},{},{},{},{},{},{},{},{},20.3404,29.95,16.56,21.49155,5.05,0.24239999,12.17,{}
GDEV,Communication Services,Electronic Gaming & Multimedia,{},-0.375,{},{},{},{},{},{},0.86129,0.00199,{},{},{},0.59,8810,15971,1169953280,{},{},{},0,{},0,306029000,{},0,0,{},{},{},{},{},{},{},{},{},{},{},{},{},{},{},{},{},{},{},7.18802,8.5,3.1,6.329755,{},{},{},0
DADA,Consumer Cyclical,Internet Retail,1.526256,25.998,{},1.387,-0.183,-1812145920,0.48,11.083334,0.03105,0.23889999,-1754212992,-20.82,0.20463113,-0.94,931010,1675271,1363164928,3.527,1.947,-1306602240,-0.13174,{},0.4041,3624585000,{},-0.18952,-0.17688,2.921,-0.13077,-0.23567,0.272,38.592,12.958,129697000,9917773824,{},{},{},{},{},{},{},{},{},{},{},5.6912,15.59,2.98,7.2282,{},{},{},0
LGHLW,{},{},{},{},{},{},{},{},{},{},{},{},{},{},{},{},{},{},{},{},{},{},{},{},{},{},{},{},{},{},{},{},{},{},{},{},{},{},{},{},{},{},{},{},{},{},{},{},{},0.0114,0.0106,{},{},{},{},{}
CNOBP,Financial Services,Banks—Regional,1.109859,27.645,-0.206,{},3.667,1080093312,{},{},{},{},112471000,{},0.58383065,3.15,14040,10253,{},{},{},{},0,{},0,297612000,147307008,0.57334,0.40322,{},0.01298,0.10196,-0.043,7.519,15.615,942387968,294526016,{},{},{},{},{},{},{},{},{},{},{},15.76808,24.05,14.0,18.8627,1.31,0.081999995,{},{}
HPLT,Financial Services,Shell Companies,{},-1.851,{},{},{},73503704,{},{},0.58509,8.26324,901589,{},{},0.03,5620,4686,74183984,0.989,{},{},0,{},0,{},-1363235,0,0,0.003,{},{},{},{},0.084,0,{},{},{},{},{},{},{},{},{},{},{},{},10.1298,11.48,9.76,10.042425,{},{},{},0
FLNC,Utilities,Utilities—Renewable,{},3.462,{},-16.088,1.726,2915804672,0.17,149.7647,0.34383,0.65194,-105992000,0.18,7.3541307,-0.99,1314580,1311993,4468662272,1.345,0.595,-181243008,-0.10727,-297398016,0.03372,-11397000,-304800000,-0.11276,-0.06273,0.637,-0.06906,-0.29627,1.037,16.803,2.261,3381000,1689638016,{},{},{},{},{},{},{},{},{},{},{},23.0474,29.55,8.65,19.181925,{},{},{},0
CR,Industrials,Specialty Industrial Machinery,1.476408,35.526,0.007,8.526,1.642,5495937024,5.02,17.42231,0,0.00296,401800000,{},2.4618587,6.94,466080,390440,4961623040,1.74,59.741,644600000,0.19263001,514950016,0.40525,1339800000,-166900000,0.1571,0.12007,1.136,0.075619996,0.21464,-0.033,59.49,8.993,1205400064,3346299904,{},{},{},{},{},{},{},{},{},{},{},77.1968,89.27,67.28,77.34851,0.72,0.0085,2,0.26700002
PNFP,Financial Services,Banks—Regional,1.092957,71.874,0.063,{},2.435,3701750784,6.75,8.401482,0.022149999,0.85353994,553710976,0.27,0.78901964,7.44,670230,682950,4352118272,{},{},{},0,{},0,1477492000,912680000,0.47307,0.37422,{},0.013459999,0.103769995,0.126,20.055,46.041,2816858112,1520233984,{},{},{},{},{},{},{},{},{},{},{},52.5278,89.0,43.31,68.46805,0.88,0.0163,1.09,0.120900005
AGS,Consumer Cyclical,Gambling,2.369718,1.45,{},5.799,2.323,742944320,0.2,26.324999,0.019550001,0.75759006,4225000,7.83,3.6310344,0.11,842430,516870,199632480,2.992,1033.877,128119000,0.40068,-2261000,0.71804,223310000,74806000,0.14408,0.01321,2.062,0.04249,0.095369995,0.142,8.531,0.921,568188032,319753984,{},{},{},{},{},{},{},{},{},{},{},5.6244,8.4,4.21,5.8918,{},{},{},0
SITE,Industrials,Industrial Distribution,1.44507,28.962,{},20.836,2.072,8386514432,4.57,36.319473,0.01422,1.08182,208600000,-50.63,5.7309575,4.52,283170,291408,7553152000,2.579,76.234,402500000,0.09947,83925000,0.35571,1421500000,182900000,0.07186,0.05155,0.92,0.06937,0.17368999,0.04,89.773,1.085,993100032,4046599936,{},{},{},{},{},{},{},{},{},{},{},151.6642,169.26,97.36,133.6477,{},{},{},0
APEI,Consumer Defensive,Education & Training Services,0.783098,15.977,{},6.734,0.37,222212928,-0.2,-25,0.0299,0.99141,-127571000,-0.33,0.31294987,-6.76,456360,236565,88593000,2.469,61.182,33001000,0.05489,8669250,0.51658,317856000,16718000,0.00211,-0.20966999,1.906,0.00114,-0.32911,-0.033,31.808,6.15,209800000,601270016,{},{},{},{},{},{},{},{},{},{},{},5.264,16.79,3.76,9.3814,{},{},{},0
ASXC,Healthcare,Medical Devices,1.652322,0.333,{},-0.965,9.66,67588128,-0.27,-1.8066666,0.01154,0.10836001,-78651000,{},1.4648649,-0.34,558820,680920,126397272,6.579,6.702,-70037000,0,-31867124,-0.71445,-3785000,-60242000,-11.21895,0,5.3,-0.37298,-0.68231004,-0.084,0.03,0.236,5343000,6997000,{},{},{},{},{},{},{},{},{},{},{},0.5652,1.18,0.28,0.55455,{},{},{},0
FGH,Consumer Cyclical,Leisure,1.272535,2.195,{},-68.307,1,41325760,{},{},0.16499001,0.3698,-10341000,{},0.84738046,-0.53,7020,20338,36213456,1.21,23.962,-605000,-0.01464,-896125,0.26338,10916000,-2417000,-0.04603,-0.25027,0.632,-0.01587,-0.21314,0.008,2.128,0.223,10240000,41320000,{},{},{},{},{},{},{},{},{},{},{},1.8602,2.99,1.51,2.1883,{},{},{},0
BYNO,Financial Services,Shell Companies,{},-0.242,{},{},{},252715104,{},{},0.05449,0.76832,2478890,{},{},0.11,74970,28825,253527008,0.557,{},{},0,378524,0,{},-790209,0,0,0.437,-0.00417,{},{},{},0.024,0,{},{},{},{},{},{},{},{},{},{},{},{},10.51592,11.63,9.93,10.267455,{},{},{},0
ADRT,Financial Services,Shell Companies,{},-0.228,{},{},{},165968096,{},{},0.24454,0.63313,715480,{},{},0.13,89110,102938,156658752,1.001,{},{},0,-1007141,0,{},-1604437,0,0,0.001,-0.00765,{},{},{},0.004,0,{},{},{},{},{},{},{},{},{},{},{},{},10.6729,15.18,9.98,10.364865,{},{},{},0
CMAXW,{},{},{},{},{},{},{},{},{},{},{},{},{},{},{},{},{},{},{},{},{},{},{},{},{},{},{},{},{},{},{},{},{},{},{},{},{},{},{},{},{},{},{},{},{},{},{},{},{},0.34,0.34,{},{},{},{},{}
MF,Consumer Defensive,Grocery Stores,{},-153.432,{},0.064,-0.023,-153175856,-43.86,{},0,0.01121,-2901349888,{},{},75.88,163030,359185,4058807,0.36,{},-2382351104,-0.36076,-1035826368,0.14955,820497000,-1338433024,-0.3822,-0.43935,0.16,-0.54835,-20.03656,-0.101,849.736,35.795,72618000,6603666944,{},{},{},{},{},{},{},{},{},{},{},0.64926,13.32,0.45,1.51836,{},{},{},0
UTL,Utilities,Utilities—Diversified,0.523239,30.225,0.121,9.763,2.455,1450504064,2.88,17.545137,0.01832,0.75587,44000000,3.24,1.6717948,2.8,70970,75493,812886208,0.781,131.785,148572000,0.25148,-42905000,0.29518998,169000000,83900000,0.14349,0.07447,0.411,0.03346,0.09247,0.143,36.946,0.423,641000000,590800000,{},{},{},{},{},{},{},{},{},{},{},54.4548,60.59,44.67,52.9858,1.62,0.0319,2.98,0.5727
TCBS,Financial Services,Banks—Regional,{},17.645,{},{},8.555,90309248,{},{},0.27206,0.049200002,346000,{},0.6885803,0.12,2530,6208,40990696,{},{},{},0,{},0,{},2918000,0.03742,0.032780003,{},0.00088,0.0061000003,-0.51,3.463,3.007,62331000,10556000,{},{},{},{},{},{},{},{},{},{},{},11.34068,16.46,9.38,14.09699,0.12,0.0101,{},0.1667
ELS,Real Estate,REIT—Residential,0.693989,7.743,-0.006,24.91,10.931,15965331456,1.98,32.694443,0.049250003,0.96481,284060000,5.88,8.360455,1.52,1065920,842260,12770791424,0.355,225.575,640931008,0.43883,456423488,0.49896,720046000,616465984,0.29595,0.19450001,0.1,0.050100002,0.19596,0.028,7.86,0.14,3413827072,1460558976,{},{},{},{},{},{},{},{},{},{},{},66.5862,77.36,56.91,65.96115,1.79,0.027,2.06,1.1036
ACRE,Real Estate,REIT—Mortgage,1.427254,13.156,{},{},50.061,2085172224,1.26,7.857064,0.059559997,0.47208,7145000,6.62,0.7525008,0.11,640660,770328,542318528,94.63,234.963,{},0,{},1,60110000,52198000,0.31774,0.17153999,94.63,0.0028799998,0.0101499995,-0.771,0.778,2.86,1687747968,41653000,{},{},{},{},{},{},{},{},{},{},{},9.236,14.01,7.52,10.58445,1.4,0.1382,10.28,12.181801
TAYD,Industrials,Specialty Industrial Machinery,0.798239,13.592,{},8.778,1.767,69138928,{},{},0.14887999,0.10902,5735801,{},1.9070041,1.63,12530,11046,90957168,6.709,{},7875965,0.20124,-1184850,0.36511,8627512,4261129,0.16621,0.14656,5.659,0.08127,0.12838,0.61,11.176,6.458,0,39136868,{},{},{},{},{},{},{},{},{},{},{},21.4628,26.4,8.13,16.10605,{},{},{},0
FRBK,Financial Services,Banks—Regional,0.919014,3.081,{},{},5.881,964811712,0.18,5.115,0.21290001,0.52577996,14830000,{},0.29883155,0.22,1107230,1072096,64688936,{},{},{},0,{},0,156207000,48851000,0.1758,0.10885,{},0.0031299999,0.06963,-0.377,2.671,2.399,1057356992,164067008,{},{},{},{},{},{},{},{},{},{},{},1.0906,4.08,0.62,1.97375,{},{},{},0
AOUT,Consumer Cyclical,Leisure,{},14.721,{},{},{},{},0.7,12.442858,0.0494,0.64782,{},{},0.59167176,-6.17,52960,32821,115349144,{},{},{},0,{},0,88064000,{},0,0,{},{},{},{},{},{},{},{},{},{},{},{},{},{},{},{},{},{},{},8.0665,11.597,6.97,9.1866,{},{},{},0
ARW,Technology,Electronics & Computer Distribution,1.400352,97.03,-0.249,5.296,0.312,11483270144,15.55,9.198713,0.0087,1.0491,1335885056,-1.17,1.4741832,21.09,426860,479646,8080100352,1.623,68.986,2168414976,0.05894,153882368,0.12893,4836625000,390975008,0.0539,0.036310002,1.045,0.06229,0.24381,-0.037,588.016,3.639,3863320064,36786724864,2.98,LAG_PERF,3.95,1,3.3959999999999995,16.396190476190473,7.216499999999999,1.5,6.10225,2.96,9.88,127.099,145.05,89.38,114.4745,{},{},{},0
ITW,Industrials,Specialty Industrial Machinery,1.117957,10.201,0.079,19.38,5.214,83487211520,10.35,23.466183,0.0032300001,0.8223,3086000128,6.61,23.808939,9.89,882400,1068035,75027972096,1.195,270.235,4307999744,0.26905,2072249984,0.41213,6503000000,2752999936,0.24388,0.19273001,0.776,0.15156001,0.92353994,0.02,52.033,3.761,8380000256,16012000256,4.31,UNDER_PERF,6.22,2,7.0942307692307685,25.930769230769233,7.362692307692307,1.4423076923076923,11.474038461538461,9.07,19.6,235.0498,253.37,173.52,224.90825,5.24,0.0211,2.33,0.5155
VALU,Financial Services,Financial Data & Stock Exchanges,0.567957,8.711,-0.065,29.09,9.375,375988704,{},{},0.91503996,0.0672,17843000,{},5.3024907,1.8,4560,2056,435980928,2.854,7.842,12925000,0.32228002,6026500,0.87443,35522000,18997000,0.29014,0.44491002,2.787,0.05614,0.22079,-0.028,4.23,6.439,6448000,40105000,{},{},{},{},{},{},{},{},{},{},{},46.7004,118.4,42.02,51.2991,1.12,0.0239,2.56,0.5319
NCRA,Consumer Defensive,Packaged Foods,1.935325,0.588,{},-3.632,1.104,19051152,{},{},0.53374,0.042179998,-4994836,{},3.9778912,-0.66,298430,102631,26181830,1.324,10.597,-5245363,-0.30395,438281,0.01625,{},-1722080,-0.31089002,-0.28943002,1.261,-0.46608,-0.9372,0.315,2.05,0.171,617564,17257572,{},{},{},{},{},{},{},{},{},{},{},1.57412,4.4,0.97,1.37718,{},{},{},0
DUK,Utilities,Utilities—Regulated Electric,0.432394,61.346,-0.062,12.079,5.242,149833072640,5.98,15.160536,0.00119,0.65416,3905999872,2.83,1.477847,4.96,2522990,2831670,69867315200,0.769,148.33,12403999744,0.43395,-4588125184,0.46210998,13083000000,5615000064,0.23429,0.08736,0.263,0.02391,0.075830005,0.038,37.122,0.706,77058998272,28583999488,14.49,AVG_PERF,4.56,2,12.56307692307692,29.193925233644865,6.411346153846154,1.794392523364486,9.910096153846151,8.57,27.63,93.169,113.67,83.76,96.6212,4.02,0.045100003,4.09,0.8197
MMAT,Technology,Electronic Components,{},0.972,{},-1.3,11.069,95610936,-0.07,-2.7985713,0.11688,0.08755,-79336360,{},0.2015432,-0.21,7376440,9605320,91525656,0.87,2.199,-73571216,0,24587680,0.65287,{},-59019756,-9.7728,0,0.639,-0.12921,-0.2284,-0.525,0.025,0.013,8202666,8637731,{},{},{},{},{},{},{},{},{},{},{},0.2148,2.34,0.17,0.77375,{},{},{},0
ASC,Industrials,Marine Shipping,0.541549,12.058,{},2.807,1.299,650375488,2.42,5.396694,0.09782,0.69704,186156000,0.09,1.0830984,4.92,657450,724280,537855232,3.308,28.943,231696992,0.46283,149243872,0.51273,212837000,186702000,0.40605,0.37862998,2.773,0.17767,0.44279,0.866,12.899,1.282,153808000,500606016,{},{},{},{},{},{},{},{},{},{},{},12.8088,19.41,6.4,13.85115,0.8,0.065799996,{},0.0939
KTTA,Healthcare,Biotechnology,{},1.498,{},1.136,-36.811,-17910818,-0.71,-0.62,0.2638,0.03565,-15908681,{},0.29385847,-0.64,240370,119050,11500973,14.661,1.864,-15760915,0,-10403912,0.76736,{},-15384233,-32.78121,0,14.096,-0.2141,-0.35705003,{},0.019,1.145,729557,486559,{},{},{},{},{},{},{},{},{},{},{},0.40526,1.54,0.31,0.685525,{},{},{},0
CCL,Consumer Cyclical,Travel Services,{},5.612,{},{},{},21769154560,0.96,20.010416,0.08031,0.53353,{},0.89,3.423022,-2.76,64231700,41144140,24319858688,{},{},{},0,{},0,3810000000,{},0,0,{},{},{},{},10.313,{},{},{},10.01,AVG_PERF,3.82,3,5.711219512195122,22.78954545454545,6.590975609756098,2.0681818181818183,10.78756097560976,9.86,23.69,12.5458,19.55,6.11,10.26525,{},{},{},0
TLIS,Healthcare,Medical Devices,1.086452,4.099,{},0.968,-30.281,-86089944,-2.18,-0.22848624,0.10172,0.47002998,-97792000,0,0.12151745,-3.74,188920,148060,13388829,10.339,13.358,-88935000,0,-43293000,0,{},-72843000,-34.321487,0,10.115,-0.33541,-0.62505,-0.618,0.106,4.202,14711000,2843000,{},{},{},{},{},{},{},{},{},{},{},0.48636,1.2,0.421,0.55538,{},{},{},0
TNXP,Healthcare,Biotechnology,2.180985,16.234,{},0.473,{},-55541864,-6.3,-0.26031744,{},{},-123465000,{},0.10102255,-13.62,352710,274225,16958256,6.404,0.62,-117474000,0,-94762128,0,{},-99918000,0,0,5.506,-0.37101,-0.62566,{},{},6.961,1026000,{},{},{},{},{},{},{},{},{},{},{},{},2.05465,14.0,1.37,3.468975,{},{},{},0
CLEU,Consumer Defensive,Education & Training Services,1.300308,1.977,{},-35.747,2.151,24959332,{},{},0.20306998,0.00849,-1688903,{},0.65756196,-0.08,1277430,906963,41077788,0.921,1.612,-698220,-0.060170002,25504938,0.51755,6005252,423597,-0.11935,-0.14555,0.833,-0.011729999,-0.03234,3.306,0.49,0.432,1007387,11603300,{},{},{},{},{},{},{},{},{},{},{},0.84324,1.67,0.5,0.906915,{},{},{},0
MOMO,Communication Services,Internet Content & Information,0.905985,55.384,0.346,-3.448,-0.507,-6271520768,1.54,6.45526,0.056739997,0.7424,1584686976,33.44,0.17949408,1.13,984180,1311315,1877158016,2.243,26.153,1818701952,0.14696999,920222400,0.41299,5282753000,1634654976,0.13832,0.12806,1.996,0.06258,0.15314999,-0.105,64.182,57.578,2735099904,12374951936,{},{},{},{},{},{},{},{},{},{},{},8.852,11.54,4.095,7.9112,{},{},{},0
TNET,Industrials,Staffing & Employment Services,1.157746,13.86,-0.103,10.643,1.157,5683100672,6.17,15.256077,0.06928,0.95882004,340000000,2.13,6.7914863,5.57,274880,406606,5592724480,1.176,102.182,534000000,0.10869,416249984,0.22593,1119000000,271000000,0.093430005,0.0692,0.529,0.08267,0.44737,0.023,79.563,13.397,843000000,4912999936,{},{},{},{},{},{},{},{},{},{},{},93.3756,111.85,60.61,79.2256,{},{},{},0
IEX,Industrials,Specialty Industrial Machinery,0.983606,42.667,-0.001,18.603,5.239,17163217920,9.03,23.35216,0.0025,1.0076699,586700032,2.09,4.942227,7.57,516990,481986,16268577792,3.099,49.292,922600000,0.28160998,509962496,0.45034,1435400000,625600000,0.24235001,0.17908001,1.952,0.09312,0.19143999,0.126,43.35,6.8,1591900032,3276199936,8.1,AVG_PERF,5.72,0,7.172954545454545,25.797500000000003,7.261818181818183,1.3636363636363635,11.362727272727273,13,26.82,207.4832,246.23,177.26,219.19106,2.56,0.0119,1.11,0.3109
SKLZ,Communication Services,Electronic Gaming & Multimedia,2.681142,0.601,{},-33.972,16.164,3592139776,-4.15,-2.260241,{},{},-324904000,{},15.607321,-15.8,825107,380291,198524896,7.317,113.375,-105737000,-0.4758,-26836000,0.88255,238991000,-110846000,-0.53411,-1.46203,7.206,-0.096049994,-0.80619,-0.517,0.537,1.193,288409984,222228000,{},{},{},{},{},{},{},{},{},{},{},10.998,43.6,8.12,14.7651,{},{},{},0
NXE,Energy,Uranium,1.749879,0.914,{},-35.71,{},2200454400,-0.06,-78.16667,0.15952,0.33481997,-37572000,{},5.1312914,-0.06,1867320,1794121,2297129216,11.187,16.303,-61620000,0,-85532376,0,{},-23890000,0,0,10.975,-0.06926,-0.084580004,{},{},0.29,78568000,{},{},{},{},{},{},{},{},{},{},{},{},4.1934,5.11,3.391,4.16565,{},{},{},0
EGY,Energy,Oil & Gas E&P,1.494718,4.241,-0.715,1.987,1.17,428452704,1.38,2.6847825,0.02266,0.54362,42786000,2.15,0.87361467,0.56,1086560,1278530,395593952,1.205,19.725,215644000,0.58907,-26311000,0.6436,{},171610000,0.40363,0.118,1.008,0.16309,0.14187999,0.171,4.479,0.488,89784000,366072992,{},{},{},{},{},{},{},{},{},{},{},3.971,6.74,3.51,4.54345,0.25,0.0683,{},0.2857
REPL,Healthcare,Biotechnology,1.644102,9.798,{},-4.914,{},843775232,-3.86,-5.7461143,0.08477,0.87324,-174284000,{},2.2637272,-2.98,585930,585755,1281471744,17.52,10.942,-171719008,0,-71096752,0,{},-128050000,0,0,17.334,-0.19652,-0.36064,{},{},10.097,60759000,{},{},{},{},{},{},{},{},{},{},{},{},20.4682,29.523,15.068,21.0963,{},{},{},0
CRNT,Technology,Communication Equipment,1.369014,1.456,{},20.933,0.64,197351968,0.08,{},0.22629,0.146,-15433000,1.16,1.4491072,-0.18,347810,255975,177983360,1.606,46.9,9428000,0.030580001,-5128500,0.33056998,93063000,430000,-0.00261,-0.05006,1.082,-0.0017,-0.11933,0.186,3.66,0.313,57597000,308263008,{},{},{},{},{},{},{},{},{},{},{},1.891,2.87,1.55,1.88195,{},{},{},0
FLWS,Consumer Cyclical,Specialty Retail,1.677112,7.596,{},9.469,0.358,753751040,0.47,15.861702,0.37225,0.66625,-44405000,2.6,0.98143756,-0.69,433210,617398,482905824,1.558,57.967,79602000,0.03782,-22422376,0.36740002,821738000,39525000,0.0125899995,-0.0211,0.431,0.015570001,-0.08658,-0.111,32.555,0.797,285196992,2104939008,{},{},{},{},{},{},{},{},{},{},{},8.5124,13.29,5.82,8.94,{},{},{},0
LUV,Industrials,Airlines,1.175887,17.312,{},9.291,0.795,19743506432,3.81,9.76903,0.0035299999,0.77852,658000000,0.24,2.1499538,1.11,6700910,7294713,22148618240,1.26,91.011,2124999936,0.08559,-446000000,0.24583,5976000000,3424999936,0.03887,0.026500002,1.139,0.01657,0.06352,0.216,41.83,19.618,9376000000,24825999360,11.29,OUT_PERF,6.21,2,8.280238095238094,24.086222222222226,5.282857142857141,1.6,10.261190476190476,14.89,32.39,31.3904,41.76,28.4,33.80595,0.72,0.02,{},0.3364
ORGS,Healthcare,Biotechnology,0.928873,0.993,{},-16.777,2.54,91067208,0.61,2.2786884,0.119770005,0.11143,-15069000,{},1.3997986,-0.62,33780,30113,39390516,3.548,38.052,-5428000,-0.15138,-38028000,0.944,36025000,-29372000,-0.20944001,-0.42025003,2.899,-0.06184,-0.26407,-0.023,1.406,0.094,22568000,35857000,{},{},{},{},{},{},{},{},{},{},{},1.2016,2.64,0.98,1.584,{},{},{},0
BIG,Consumer Defensive,Discount Stores,2.195696,18.922,{},-8.656,0.469,2449101312,-6.17,-1.4343436,0.03342,1.1242299,-405699008,0.04,0.46770424,-15.25,2373420,2598366,258217968,1.469,405.398,-282924992,-0.054229997,-147716496,0.34528,1913503000,-116991000,-0.084130004,-0.07776,0.061,-0.07117,-0.52974,-0.183,180.156,1.759,2235197952,5217191936,{},{},{},{},{},{},{},{},{},{},{},7.9088,29.25,4.78,13.8335,{},{},4.59,{}
LAND,Real Estate,REIT—Specialty,1.014788,20.576,0.486,16.842,13.278,1200624128,-0.3,-53.499996,0.07164,0.44771,-16593000,705.17,0.78003496,-0.47,210610,188773,573325248,3.615,89.653,71288000,0.78836995,38255876,0.87101996,78037000,40949000,0.39366,0.058390003,3.615,0.01582,0.00772,0.063,2.593,1.29,658843008,90424000,{},{},{},{},{},{},{},{},{},{},{},16.0694,27.45,14.95,17.98065,0.55,0.0342,3.33,{}
OIS,Energy,Oil & Gas Equipment & Services,2.943309,10.824,{},8.505,0.801,616489664,0.64,11.484375,0.03121,0.92708,2000000,-3.22,0.6790465,0.04,629680,724026,472271296,2.671,23.932,72489000,0.094160005,15403250,0.21715,159150000,37679000,0.01002,0.00265,1.4,0.00453,0.0029499999,0.196,12.373,0.246,166451008,769860992,{},{},{},{},{},{},{},{},{},{},{},7.0488,10.47,3.51,7.14,{},{},{},0
V,Financial Services,Credit Services,0.966901,17.886,0.167,22.799,15.937,493773848576,9.78,24.48364,0.00122,0.99063003,15484000256,1.89,13.387566,7.59,5853510,6560380,500469661696,1.501,53.432,21657999360,0.69903,15674000384,0.97676,28567000000,19158999040,0.66943,0.50953996,1.082,0.15381,0.42349997,0.111,14.99,8.094,20605999104,30983000064,0.71,UNDER_PERF,7.52,3,1.6194174757281556,17.753523809523806,6.586407766990292,1.4857142857142858,9.547378640776701,7.84,16.07,228.7796,240.0,174.6,216.01524,1.8,0.0077,0.62,0.2206
LIDRW,{},{},{},{},{},{},{},{},{},{},{},{},{},{},{},{},60660,19961,{},{},{},{},{},{},{},{},{},{},{},{},{},{},{},{},{},{},{},{},{},{},{},{},{},{},{},{},{},{},0.019,0.412,0.009,0.06547,{},{},{},{}
CETU,Financial Services,Shell Companies,{},0.496,{},{},{},77228344,{},{},0.23048,0.00041,-9689,{},20.685484,{},80,13885,77277088,0.092,{},{},0,{},0,{},0,0,0,0.092,{},{},{},{},0.007,0,{},{},{},{},{},{},{},{},{},{},{},{},10.21142,10.69,10.09,10.188103,{},{},{},{}
VOR,Healthcare,Biotechnology,-0.6875,3.439,{},-0.665,{},65279072,-1.85,-1.572973,0.00907,0.90281,-97790000,{},0.84617627,-2.05,705010,213388,194844288,17.243,16.703,-98104000,0,-53752000,0,{},-86508000,0,0,16.71,-0.24677,-0.46055,{},{},3.139,38452000,{},{},{},{},{},{},{},{},{},{},{},{},4.4255,7.57,2.8,4.9599,{},{},{},0
WELL,Real Estate,REIT—Healthcare Facilities,1.045422,41.202,-0.585,24.933,9.351,55800373248,1.04,76.06251,0.00058,0.99921,104962000,2.23,1.9199312,0.26,2378510,2464683,39317639168,1.08,71.457,2237992960,0.37506,2343863552,0.39617002,2304610000,1380246016,0.14438,0.01759,0.578,0.01456,0.00606,0.118,12.606,1.151,15431961600,5967019008,3.87,UNDER_PERF,4.92,1,3.6408791208791222,13.967127659574471,6.095164835164835,0.574468085106383,4.183186813186812,3.22,12.01,78.1258,86.83,56.5,71.137,2.44,0.0307,4.11,9.384601
BZFD,Communication Services,Internet Content & Information,3.275202,1.11,{},-8.864,0.634,261456560,-0.26,-2.2030768,0.43312,0.3879,-192064000,-0.03,0.51603603,-1.53,856590,1435756,76436720,1.44,144.739,-29498000,-0.071550004,31978624,0.41776,183159000,-9178000,-0.13121,-0.46587002,1.311,-0.060100004,-0.78323996,-0.267,2.961,0.356,229216992,412268992,{},{},{},{},{},{},{},{},{},{},{},0.59582,4.25,0.49,1.1959,{},{},{},0
KRYS,Healthcare,Biotechnology,0.833802,18.978,{},-20.981,{},2683132160,-2.17,-54.433178,0.15029,0.83103997,-135307008,{},6.2240486,-5.26,294700,310673,3047460608,10.133,1.789,-127884000,0,-109634128,0,{},-111232000,0,0,9.989,-0.14323,-0.26068002,{},{},13.581,8758000,{},{},{},{},{},{},{},{},{},{},{},{},107.593,131.8,61.11,84.38455,{},{},{},0
FIACU,Financial Services,Shell Companies,{},-0.362,-0.699,{},{},300542304,{},{},0,0.0002,7988812,{},{},0.336,140,35,{},0.496,{},{},0,253588,0,{},-1267450,0,0,0.366,-0.0053100004,{},{},{},0.026,0,{},{},{},{},{},{},{},{},{},{},{},{},10.466656,11.16,9.96,10.274751,{},{},{},{}
APTV,Consumer Cyclical,Auto Parts,2.016901,33.182,0.82,14.991,1.85,33535131648,6.06,17.18901,0.00428,0.98997,604000000,0.73,3.139214,2.23,1478350,2086288,28177362944,1.714,75.27,2236999936,0.12339,395375008,0.15539,2646000000,1456000000,0.080419995,0.03679,1.113,0.043270003,0.074310005,0.153,66.908,4.066,6978999808,18129000448,2.49,UNDER_PERF,5.27,1,4.2444444444444445,16.53363636363636,6.839444444444444,1.5909090909090908,6.171111111111112,3.75,11.51,97.039,124.88,77.96,100.62175,{},{},{},0
CIG,Utilities,Utilities—Diversified,0.565068,10.357,-0.04,2.145,0.385,13587696640,0.06,41.833336,0,0.15491,4034661888,{},0.24234816,0.38,3802120,3928196,6262750720,1.192,46.869,6336009216,0.17968,1487231104,0.15439999,5259834000,6593280000,0.14744,0.114420004,1.015,0.0618,0.18574,0.102,16.024,1.344,10685040640,35262296064,{},{},{},{},{},{},{},{},{},{},{},2.4618,2.7,1.82,2.2038,0.15,0.0545,6.68,0.8633
MGR,{},{},{},{},{},{},{},{},{},{},{},{},{},{},{},{},16210,26938,{},{},{},{},{},{},{},{},{},{},{},{},{},{},{},{},{},{},{},{},{},{},{},{},{},{},{},{},{},{},23.10054,26.29,19.94,22.928095,{},{},{},{}
RCACU,Financial Services,Shell Companies,{},-0.295,{},{},{},213974240,{},{},0,0.11098,1724471,{},{},{},370,1048,203036176,0.376,{},{},0,{},0,{},-876023,0,0,0.348,{},{},{},{},0.025,0,{},{},{},{},{},{},{},{},{},{},{},{},10.3428,10.82,9.54,10.153795,{},{},{},{}
SOHOO,Real Estate,REIT—Hotel & Motel,1.704225,-2.564,{},20.75,5.021,859383744,{},{},0,0.09656999,26892748,{},{},-1.66,1570,718,109926872,1.193,603.157,41417036,0.24199,23122538,0.2834,46462568,9173009,0.13294,0.20215,0.747,0.034140002,1.04365,0.134,9.412,1.236,320690592,171153968,{},{},{},{},{},{},{},{},{},{},{},24.19224,25.75,19.25,23.0686,1.97,0.081999995,{},{}
RQI,Financial Services,Asset Management,1.380806,12.264,{},{},26.701,2296278016,{},{},0,0.16650999,-645327104,{},0.9613503,-4.92,385460,320458,1583785984,0.664,43.094,{},0,87449240,1,86001023,80176624,0.69381,0,0.293,0.0135,-0.3148,0.637,0.64,0.002,710000000,86001024,4.66,UNDER_PERF,5.46,,4.3149999999999995,16.726000000000003,5.08,{},4.725,5.31,16.64,11.3126,16.19,10.69,11.97095,0.96,0.0844,7.49,{}
AQST,Healthcare,Drug Manufacturers—Specialty & Generic,2.722735,-1.953,{},-3.176,2.373,110459552,-0.56,-2.9105356,0.023540001,0.26857,-33122000,{},{},-0.69,562960,619320,91147920,1.082,{},-34781000,-0.74727,-8650125,0.57225,28294000,13509000,-0.79350996,-0.71163005,0.853,-0.39186,{},-0.093,0.89,0.481,48425000,46544000,{},{},{},{},{},{},{},{},{},{},{},1.9662,2.69,0.72,1.20382,{},{},{},0
DLTR,Consumer Defensive,Discount Stores,0.68169,40.334,-0.443,14.939,1.439,41377132544,7.28,19.89011,0.0025600002,1.02326,1378000000,2.88,3.5900235,6.19,2675750,2254386,31911747584,1.513,114.033,2769799936,0.09633,180850000,0.307,8935400000,1828300032,0.069359995,0.047930002,0.211,0.05481,0.16078,0.061,129.43,3.96,10148599808,28752900096,3.4,UNDER_PERF,4.06,2,2.8942105263157902,16.23431818181819,5.318684210526316,1.8636363636363635,7.7281578947368414,7.41,14.87,146.4304,175.68,128.85,146.59995,{},{},{},0
WINA,Consumer Cyclical,Specialty Retail,0.785915,-15.606,-0.092,22.739,14.789,1210979712,{},{},0.17879999,0.70822,38515100,{},{},11.05,18060,22766,1147874304,2.089,{},53256100,0.65038,32888450,0.93746,76713300,44291900,0.64192003,0.47035998,1.985,1.19416,{},0.024,23.711,7.089,76955400,81884600,{},{},{},{},{},{},{},{},{},{},{},340.6774,373.02,196.64,282.207,3.2,0.0095999995,0.6,0.259
AIMDW,{},{},{},{},{},{},{},{},{},{},{},{},{},{},{},{},{},{},{},{},{},{},{},{},{},{},{},{},{},{},{},{},{},{},{},{},{},{},{},{},{},{},{},{},{},{},{},{},{},0.287,0.287,{},{},{},{},{}
