Sector,Industry,debtToAssets,quickRatio,CurrentRatio,DebtToEquity,AssetsTurnover,pbRatio,priceToFreeCashFlowsRatio,priceToSalesRatio,ReturnOnAssets,ReturnOnEquity,peRatio,roic,OperatingMargin,NetProfitMargin,grossProfitMargin,epsdilutedGrowth,OperatingMarginIncrease,NetProfitMarginIncrease,NetIncomeGrowth,RevenueGrowth,OperatingIncomeGrowth,GrossProfitGrowth,Time
0.0,0.0,0.3005194951830756,0.9256909568106257,1.260118468477333,1.2151213439664863,0.0955668740989531,0.3170613707153847,1.4053473083024073,7.82672590785157,-0.18394276741921126,0.017451482521646224,5.027705923461078,-0.0017098572798131231,-2.3678551590339896,-1.404063506396314,0.24800476249217962,-0.04104835984211578,2.229738096055772,-1.391875818751417,0.18970031849531283,0.23326546627341496,0.16793905473520046,1.84030366914776,2019Q2
Basic Materials,Agricultural Inputs,0.16636869984939223,1.0972029257326246,1.6552553276695887,0.9883903332189645,0.09707486594994245,2.082410852688979,20.98612355139992,6.0684363819649105,0.013165799196071314,0.02017152504895891,4.046605683236908,0.011592552533691607,-0.2722138088441525,-0.3270729889808766,0.3089478168476017,0.8050893945423849,0.34131703074161235,1.6208570369511415,0.7813938203319127,0.3570711223302091,0.38169947386001546,0.26407231208086934,2019Q2
Basic Materials,Aluminum,0.2876836244739676,1.0508224286108352,2.1880984612883068,-3.8893365092508825,0.27758400922696835,-1.5448779706434497,-143.23251559443472,1.9534189418979258,-0.0056575168023960745,-0.05391464667106345,7.353725579973066,0.02330379253222175,0.04936040969892368,-0.03261913382807695,0.11532271837189514,-0.3201659174648961,-0.0020551439987872505,-0.018124944717709174,-0.30924998470974774,-0.0216210554450838,0.004696967905958353,0.19685076728027479,2019Q2
Basic Materials,Building Materials,0.2834061316222016,0.9481728409298813,1.8573584499813351,1.267411229754854,0.15691561372490376,2.7248827845021784,277.8471105112761,7.619522693078239,0.015136285669763262,0.03393113790551651,14.369483500677196,0.023653282393817563,0.14678587573669213,0.09576045666540267,0.2745316317488257,0.4077265618078438,0.024465366300432334,0.020142224719430484,0.5531294277200093,0.10220639937159923,0.38371291323845785,0.23469821015614373,2019Q2
Basic Materials,Chemicals,0.33741950601444276,1.2583174841922078,2.4031645697628368,1.7418711718135622,0.1920253411488709,1.482829174066355,30.28884447076299,2.2911527207218083,0.008111610744424127,0.015502452845916228,20.822222520270177,0.016206725733954517,0.06993225252696586,0.033351481497141226,0.17577578956028136,-0.3214372197995032,-0.012459857073597674,-0.01702787589547797,-0.3961085817208174,0.07570333389637848,-0.21259358612087398,0.10239073860457257,2019Q2
Basic Materials,Coking Coal,0.27276599420870706,1.2458558102069102,1.9003062248937765,1.2488619829767962,0.23667530180307592,1.0327154615709424,-6.326295984100908,2.055810999005165,-0.006029347127402324,0.03199105477745705,1.4055329174375084,0.0549288213346013,0.18077775794421508,0.0773520126797632,0.2963985864458359,0.01831477918270108,0.014808122596248802,-0.034644142366585404,0.005616507057763981,0.07856458189735309,0.2217115163910844,0.45211239323857055,2019Q2
Basic Materials,Copper,0.3400557271784501,1.1326596506277338,1.990638516236655,1.7341075772108705,0.09104755272938791,1.8238477976119385,68.19982539457037,9.081616387381176,0.00772816308501782,0.020492580689122002,7.7489284554974365,0.00403671105488235,0.0971450656753998,0.02139820813373828,0.1770863841082873,-1.398865671641791,-0.04249234746263704,-0.0145137350119535,-1.3450737885069353,0.07836659457411857,-0.5072669202349447,-0.18507392434241024,2019Q2
Basic Materials,Gold,0.08787286521781351,3.43453086073094,4.297858944864202,0.3317403507469557,0.049000369438135405,1.6727915149150951,-22.85784618311108,4.497209238404909,-0.006693539129865085,-0.0077405853720882425,-0.008358540916444654,-0.007771242638970691,0.06600083747116096,0.008086985290113992,0.08224556592989207,0.07037945806534733,0.03276424094996541,0.0025580358308481266,0.08939285432228275,0.2076343595365547,0.14063139384316004,0.16148527691824394,2019Q2
Basic Materials,Lumber & Wood Production,0.2480111731087622,2.1499868160484366,5.7606961644465215,0.2865131869071962,0.26936971645845476,1.1635707448445138,-4.960099792979747,4.708787237818168,-0.0036448527262634006,-0.005467029825353233,-9.262155224766516,-0.0005406072722070327,-0.007953797639468197,-0.017142800911233134,0.18440013974010894,-2.2995615819819704,-0.028398864513392564,-0.009875966107280865,-3.6272698900249267,0.0024384983911046273,22.273276785671396,0.11457147940864065,2019Q2
Basic Materials,Other Industrial Metals & Mining,0.06406432627859897,2.245282627333878,2.8787762407431625,0.5553466491140683,0.03335998816885298,3.661184148973984,-8.362590423347282,4.733387279345656,-0.04042008121286788,-0.06532850582294399,-6.31007467223345,-0.04336685990772689,-0.1891844966703267,-0.30944306465325616,0.09245648632795611,-0.225209185737334,0.06165651504122609,-0.049174669340780346,-0.2834049632797982,-0.01786720515670212,-0.4555318458111503,-0.11664277487504114,2019Q2
Basic Materials,Other Precious Metals & Mining,0.055003566367305176,1.3548855630106533,1.7570272622392713,0.3599085223337706,0.012695420428312981,2.6816389710619717,-24.310685636785756,4.395113097352824,-0.04907875438863847,0.0165639586125759,-7.3444578498730335,-0.07899972198241532,-0.2421876340971659,-0.2340958635633918,0.024542273067219688,0.45886804884531995,-0.022417151272883247,0.048050740015531876,0.10501499766546592,0.7809321563792573,-0.45820112785297507,-0.13526971783642705,2019Q2
Basic Materials,Paper & Paper Products,0.4663236006239738,1.1255617615349747,1.9631179489841424,2.1557138016213924,0.18923225451170012,1.5111814283695417,40.02868049558036,2.0962284295082134,0.003664557485102,0.016443485084632017,18.6184728218199,0.005988312245797199,0.08795714372118431,0.0274612568366339,0.13807415613719357,0.17517999939443651,0.0462358449073623,0.017442113200230685,0.18412988117991802,0.035072837814112814,0.29195452884953565,0.03232631253613392,2019Q2
Basic Materials,Silver,0.07639434946001218,2.0779398637807605,3.0581761457208003,0.38243698910104673,0.08804064286925173,1.346004151825478,7.584174811920751,8.435349959901448,0.004033369758279,0.00577390293403246,39.6253535181231,0.0009082848181661003,0.11514372624213018,0.0504665165920372,0.17439471796468892,-0.7414008097165993,-0.025831384796346557,-0.04384232002377784,-0.7232554129955331,0.11266537376525718,-0.15945736288437956,-0.047731118910210354,2019Q2
Basic Materials,Specialty Chemicals,0.3067469298087906,1.292279006248912,2.081436310054678,1.376322346398685,0.20292810668216282,3.5930475817785044,52.02995790573892,6.578118936447312,-0.018163305500000875,0.036851670124161476,14.457381361083417,0.011580457612609953,0.06370155809641308,-0.003172694851737856,0.2464149678980647,0.06145053589128779,1.0998881268145513,0.6150177364064834,0.10220268960009646,0.0795161391691883,0.4265882286711346,0.34497693971750987,2019Q2
Basic Materials,Steel,0.2622751363292875,1.2610928981265446,2.948158729673453,1.0165195934094338,0.26306176953078847,0.9618017531617853,22.99321833671906,1.8694529808485656,0.013312024563396922,0.025495033635849294,8.57732805251391,0.02291413308749515,0.07916834926834197,0.055717469133988784,0.12367717055635181,0.27631157117869554,-0.014133321813047833,-0.010385028047481683,0.29295894824548774,0.023669888872569905,0.06661322905309361,-0.06307806639795784,2019Q2
Communication Services,Advertising Agencies,0.2700071769080463,1.3299742125495353,1.5169526394935775,1.078822448411971,0.19438781414639972,2.324606907853245,-4.822698973192841,4.557050076848277,0.006239991747967867,0.024468942468692696,-3.8921431783981624,-0.006156187012894761,0.026219016070084665,0.023935304888732963,0.4054443148732261,0.7241722626655307,0.0417661436113522,0.09814884230429474,0.3537185659456375,0.1042569755070947,0.22493278467720845,0.12627431562173855,2019Q2
Communication Services,Broadcasting,0.406711797178118,1.3899184084684657,1.6995098394515842,1.6345464611586806,0.07400397550460655,0.7646676145365422,21.18347887527508,3.2673976011873225,0.003101593313156793,0.02081944176340606,5.512504080642991,0.006152592721615928,0.16204728634097929,0.0657968655925413,0.37380948699068445,-1.535516913168528,0.06975731744358063,0.05991651648545804,4.65502951450565,-0.028495018017914105,0.8680291592878446,0.18051582799989743,2019Q2
Communication Services,Electronic Gaming & Multimedia,0.1529111352666164,1.5670949913568522,1.843423660685858,0.8601128580248277,0.14452189396550183,2.849474747401543,-1.326869381279092,58.496813385297266,-0.0034891441353108277,0.02450548036527191,10.624127641133887,0.023605970047388427,-1.5892544147470757,-1.2213041702279979,0.5247264110023561,-0.21453890799035955,0.6521396698062747,0.11641389043103265,-0.33160175114781726,-0.0031517348045710402,-0.1746899201857959,-0.06578026415935846,2019Q2
Communication Services,Entertainment,0.3144091526434194,0.8352045878211862,1.040539283847745,2.3582710812308583,0.1390817973218251,4.257985861597218,-47.058418434713126,7.183402472972736,0.004609855926517899,0.020568444266705198,55.92312317078765,0.013078228916896337,0.07289748547693549,0.01613065620439784,0.38151449118816116,0.5642797549051934,0.08453638057715047,0.08230074034954953,0.5571263774853581,0.26303742427573945,0.4662570053735918,0.25657610701307026,2019Q2
Communication Services,Internet Content & Information,0.0861273304472206,2.4423573586213303,2.769689342776011,0.9027277126442597,0.16268946084185554,3.6016951884560435,-21.872648115269108,16.172830913999437,-0.01341640338748801,-0.03239414198122781,26.068891206615994,-0.03961593773363535,-0.2454338800409449,-0.2773315515712235,0.6337736971897439,0.6226274225190128,-0.021837437248382285,-0.1777266416388526,0.09230531065542266,0.08674873942643326,0.19079542449341583,0.08917058330891871,2019Q2
Communication Services,Publishing,0.23055945285750287,0.6328594429722593,1.238246828262973,1.6757380080717308,0.2357691279717893,1.820183584069555,36.19470147639614,2.155423126236608,0.010779538491921975,0.03556313074739961,8.294099961720189,0.02420590589257185,0.08388236285187499,0.04568600712451948,0.6196182080646564,0.3166378066378067,0.015454644685129856,-0.0073206804900053145,0.29857912146596993,-0.019295920718385956,1.0942007734794914,-0.03313551751486345,2019Q2
Communication Services,Telecom Services,0.3200934500167425,0.8940135778183131,1.1783941002365919,1.7434521391623787,0.09636265883240075,5.325608162915489,-114.10077827196305,221.30959093846133,0.006381008120114115,0.016849726071777517,97.74318253303147,0.006681854681448271,0.09070950086322421,0.046233234523327074,0.5910413155480517,0.25301506715791255,-0.14960810397408764,0.5453993202220198,0.4141646521924527,0.038240527934106976,0.22015912324318085,0.07103812444836087,2019Q2
Consumer Cyclical,Apparel Manufacturing,0.2099893746634816,1.1682143543295322,2.5998710674557253,1.3446389539721066,0.2803331701293141,3.63871205945301,-15.917403287277299,5.396826307364585,0.013186750689917901,0.039824564169602325,21.796122142899247,0.022973170818735875,0.0794211971552232,0.05945550792862706,0.43698383849871003,0.5545220392962458,0.03320279308511729,0.0289373321353538,0.8642327518562242,0.0962025442632151,1.1961780946026312,0.08932119216112953,2019Q2
Consumer Cyclical,Apparel Retail,0.06958425480759323,0.8059165694082437,2.210310601402539,0.9491455971509467,0.4772090287069354,3.7187194120763536,114.3600334868046,3.753786724426529,0.0164876852719849,0.03599134461037896,14.955866082708,0.028862933321475527,0.052265893962451807,0.03852811769724088,0.361614062633065,0.20206247510477063,0.004024979055643284,0.0035254636703289303,0.2473443095696227,0.0413901313683126,0.6409308265309877,0.03702070056887871,2019Q2
Consumer Cyclical,Auto & Truck Dealerships,0.46957257632617627,0.5356265734560304,1.3634471702991826,2.9818666272561694,0.37681282604319016,2.479178654615623,4.122366788667799,4.8234797845643085,0.002871343797490637,0.059275710604201524,8.210419583759116,0.008786219039491,0.03753126749431217,0.035107169672562756,0.2226726039708125,0.28133618117580556,0.004435070203840425,-0.007359670480479796,0.056887867829586505,0.05955338045067034,0.04627228727381447,0.037869886793975224,2019Q2
Consumer Cyclical,Auto Manufacturers,0.3540051006842861,0.7578115198232968,1.233890757622421,1.6008204275634832,0.15359081695805785,3.121047065007917,113.44384179754601,385.19260267339524,-0.040216995698690326,0.08784250265067307,-0.7490798350695151,-0.009007324042066464,-10.84954202891645,-10.104613225040957,0.1878358323010548,0.26244121071001697,-3.4219900422028267,7.602961287046309,0.29147425593898646,0.08827021284238065,0.18624294594777702,0.19990429455768602,2019Q2
Consumer Cyclical,Auto Parts,0.27591559595810733,1.2808284817380504,1.6718658612127077,1.4100840144585982,0.2999301563579186,3.5653361813568187,62.00720614603231,4.605696076788781,-0.0002040396190547735,0.0294185280482086,11.327472171152431,0.0033199905381853458,0.07283410538917352,0.03786500690294262,0.20163468004770416,-0.9255189057051396,0.00797017785562115,-0.0005704983804045579,-0.20947579637052618,0.05328359930269679,0.7076190701161521,0.05574365155492476,2019Q2
Consumer Cyclical,Department Stores,0.3149550419909348,0.38778608597514636,1.4243927654711483,1.6789540778116252,0.39164455904316614,1.9645402423936003,128.53004622725422,2.034233015344231,0.01258532332902434,0.029957030034497723,13.960372619436153,0.02252294078704594,0.050521788810436695,0.032734224258544664,0.3847508321952885,0.9752206757085048,0.001408298423973599,0.02168427029716695,0.940227515826705,0.054923642000486064,0.8035642999714856,0.0924300902621489,2019Q2
Consumer Cyclical,Entertainment,0.4194539182631404,0.7479360165118679,0.6888867389060888,2.3383864671437866,0.1046871041297187,3.2356346649316854,58.56300612341027,9.258266587236578,0.0121806240377307,0.0406636304489264,19.89268192,0.0223345660467208,0.1994191674733785,0.1163526695956512,1.0,-0.1216088057856802,0.0064857001067602,-0.0159307363390448,-0.1204615817618913,-3.723146803678469e-05,0.0335777692010806,-3.723146803678469e-05,2019Q2
Consumer Cyclical,Footwear & Accessories,0.14634016151614931,1.1415013970269463,2.1659002277199204,0.5632113774088986,0.34487962933235333,2.032323419210224,13.693474139034,5.154111682553803,0.016505184008485444,0.0532489575296683,14.2991265983137,0.02585070954382518,0.06763340631964158,0.04881612470637998,0.4050414248167778,0.08440137567902857,0.019450981980435274,0.013291195275727245,0.04344829205715567,-0.03279952019553498,0.0003021841756474797,-0.07476230368777796,2019Q2
Consumer Cyclical,"Furnishings, Fixtures & Appliances",0.17220685671418265,0.9223476596552094,1.9902600806437076,1.3854203463104753,0.3642569488517737,2.260923609203142,29.753407769789224,4.02493727035325,0.004393919784256959,-0.009099306471428615,13.448909271950942,0.014832901094872205,0.02896583558368598,0.009244990220049255,0.29370026498743024,0.21946972829816608,0.011378650731891904,0.015292905298672907,0.05226521477936786,0.11828776314687513,0.04910785267516625,0.12910107023877,2019Q2
Consumer Cyclical,Gambling,0.2710959206389789,1.092386776903195,1.3597964065574653,0.7113782381653262,0.10436774952106122,4.700929439808232,152.3263948494814,5.118585402907584,-0.22356666162930966,0.12806670447549023,-8.705304545141253,-0.003732638100961192,0.028811845977027444,-0.06284785664905752,0.3483301215603489,1.3345416057520394,0.01425285992793614,-0.002757325104822392,0.4296527816036239,0.23335933659462077,0.15104992231719955,-0.017066088912860693,2019Q2
Consumer Cyclical,Home Improvement Retail,0.38927304373378785,0.27548367800659196,1.4745440385633448,2.637905689252559,0.41300707654367724,4.145156335383933,38.14782692999878,3.444978047008635,0.011951126055982949,0.05678482434492583,7.669603083772877,0.0191062724798008,0.046671646255436745,0.031085560731442752,0.3992358000850537,0.3187279092590649,0.01332358269158665,0.0056155394491538,0.3025009774057854,0.1071592702870635,0.41624676463935634,0.056781422597085046,2019Q2
Consumer Cyclical,Homebuilding & Construction,0.9431988200051024,0.5431194890927282,7.15770428343011,-3.430168582344433,0.2685073265072173,-0.9224442333372498,-7.54270934736877,0.9446518159451168,-0.0042339224024125,0.0153976736365735,-14.977006512629917,0.0137349885043046,0.0317670073707423,-0.0157683682508334,0.146690841650399,0.484,0.0141787198858606,0.0188522616236137,0.501802451333814,0.0938299171074517,0.9756160495419944,0.1558617758598143,2019Q2
Consumer Cyclical,Internet Retail,0.16493906848226605,0.8680863186876274,1.5913379695699246,1.3901652439442531,0.34050030500417333,7.652791259693763,-1.4845287061948969,23.272708465130982,-0.017070585098761335,-0.007470849452887569,4.630307130637642,-0.01387696323932089,-0.10297485612793869,-0.13555995117525171,0.3570428258323675,0.30775956843668867,0.04635005988114107,0.048555625720445916,0.3346712183876428,0.1009576831324693,0.20446151225852224,0.12380090528466357,2019Q2
Consumer Cyclical,Leisure,0.24597719359286474,1.0057976448478303,1.8540610013901764,2.037136114285678,0.2181072015383637,5.306540380652109,-20.443639250069804,5.462971919654598,-0.001144409893442596,-0.021749801105649356,8.821896581536885,0.010105436082108489,0.05301894400317073,0.05775014091366216,0.37909893512882153,0.5860617652181545,0.053860055885001104,0.059824392310101046,0.5752993602822382,0.2673660757728268,0.6382941820959346,0.5024142395282593,2019Q2
Consumer Cyclical,Lodging,0.46539514893689515,0.681624937103682,0.9587553494212039,2.022652788560023,0.13405399327259657,2.3820976632382127,85.49825736623721,10.234458689422809,0.0106633180676511,-0.02382016127016172,27.315836341226156,0.022358698753540376,0.14571443523366476,0.08115715676448514,0.3159064433882299,0.019804114499329867,0.044092368190754926,-0.013629815594707549,0.037247595021128135,0.081430841886783,0.40187386715079676,0.22856192233013922,2019Q2
Consumer Cyclical,Luxury Goods,0.1858287094484757,0.8274878017078567,2.5271758730846465,0.7723426571088355,0.2456520352041358,1.4830861085686389,4.817298715094744,2.4655185036599696,0.016214515929592915,0.03796864441499819,9.602202641993122,0.0352030530267966,0.06773477527045395,0.055700803428729385,0.4652396001583301,1.1934036688527707,0.04094302731049392,0.044036103071188853,0.4447394534111011,0.21092547733074318,0.38335264558613485,0.25532313773811244,2019Q2
Consumer Cyclical,Packaging & Containers,0.5003979051509612,0.8237463867780601,1.4832956467548217,3.660732769887526,0.21027033697343167,2.8289615650900175,33.82395605329736,3.9250524002940708,0.01182953381016259,0.033459491124781686,17.292925582313885,0.02040523681995795,0.1023569219341584,0.050578310395575775,0.2438546613052599,-0.01513189477053783,0.005555468320158173,-0.005518717412951675,-0.07831372854073293,0.04576795103258205,0.12643172156574697,0.08487304494903522,2019Q2
Consumer Cyclical,Personal Services,0.34130200702974833,0.6749950113673813,1.0002373890369158,1.8281881496486438,0.2127418351523599,3.3911918037755826,196.30808719933327,8.22637400735151,0.02006228521323375,0.01187678166806865,21.573002618429072,0.03336885658728761,0.15346009225128407,0.09138770445118755,0.35633849552598607,0.9692379449563278,0.03922774176333446,0.03290877504827464,0.9878309976524915,0.08974722098010196,0.007385040042185209,0.04790024286010103,2019Q2
Consumer Cyclical,Recreational Vehicles,0.19740230626400676,0.4380997937959392,1.4842069085512535,1.0432182253253477,0.2773720591336849,3.5354816895001835,-85.3457373234191,456.8025636197936,0.0138797107708864,-0.00018045752410750514,-15.398362892497225,0.0401454096978118,-1.3727421491188379,-1.198446271753552,0.23425692231914486,0.0667531056952094,0.02032013723775072,0.009091484152671627,0.05882978298501946,0.12401935107960282,0.11562478680607975,0.09367297378433385,2019Q2
Consumer Cyclical,Residential Construction,0.3279639465223086,0.7537241081251331,7.445533705821247,0.9076085980439911,0.23821435311534228,1.096155045503912,48.735255280019246,2.4196249341862885,0.01833162208101343,0.036536710567591626,8.898657637172303,0.01695053678442895,0.07815080841157217,0.0699227861852872,0.19489938670986948,-4.8838238165044325,0.009449435917153618,0.0015498577480297171,-5.499368136049615,0.20348825896247008,0.7066207961990573,0.21428292252289607,2019Q2
Consumer Cyclical,Resorts & Casinos,0.5550066237088539,1.3883691138736127,1.809111900809311,2.875373658826864,0.12352042311154153,2.3218548847894205,-5.936084600790699,4.832487985933835,0.003470943748927718,0.01463691625573319,6.507792995808751,0.017907875870867288,0.1364825258086939,0.029023206681706305,0.4645430126907964,-0.27097993525676545,-0.02434365715839236,-0.019129403030143467,-0.2598031396624346,0.03283516735807072,-0.01939511448612865,0.023708835192183777,2019Q2
Consumer Cyclical,Restaurants,0.4565997617336794,0.4738744972178879,0.7701294885241747,1.4101763909072895,0.2508376374663939,1.6826848304868456,-38.0273266761992,8.096518679002887,0.013064624410640656,0.0020925736753218123,16.141392263072422,0.023838522269428175,0.11475352619357253,0.04980584512062773,0.2993037563352914,0.13399528114694717,0.013116766425436072,0.009270470803931879,0.18274788892035745,0.03880445733710528,0.317163037076711,0.07962367282872168,2019Q2
Consumer Cyclical,Retail Apparel & Specialty,0.1044170703449438,0.169000787094825,1.8563124607446395,1.133907587839431,0.4153793237566694,0.4127637977839941,-7.876735654573492,0.4656730632795122,-0.0115803203743423,-0.0247113335164207,-4.175855154778589,-0.0113200528195313,-0.0200247456035425,-0.0278789042016115,0.292581459990609,-1.525083612040134,-0.0948003533568829,-0.0803524761523303,-1.51742958194448,-0.026095925390621,-1.2608093992447036,-0.2513943258828977,2019Q2
Consumer Cyclical,Specialty Retail,0.272964119331519,0.4772509439709491,1.5113997151619167,1.0444215669813246,0.42442224371709236,1.5974403260073469,41.565371451218425,3.4087082001074993,0.009487998644133388,-0.03254845389859524,12.290471973949513,0.025310744439721054,0.0750726561143018,0.03712958650502468,0.3718966122890811,-0.033593794462449235,0.01578340591973039,0.0012467390320454153,-0.18077586325559303,0.039859806739792114,0.14929857235001992,0.05743213573464055,2019Q2
Consumer Cyclical,Textile Manufacturing,0.26600923617543637,1.6941535442329148,3.138058512007242,1.5832128967607213,0.2991519722034349,1.7784740921096018,4.288022671356593,4.0106688334921525,0.008480351044317425,0.01235173949320925,32.78586135938616,0.013081257163780426,0.06021857712317618,0.0393164304793343,0.21885348528228682,0.6187499999999999,0.0189375910961689,0.02326901640544035,0.6738528103145406,0.0559314471079059,0.2221740497003527,0.08927064587710279,2019Q2
Consumer Cyclical,Travel Services,0.2692240368280284,0.8874234998207547,1.0785825229592632,2.387498964014529,0.13292994648242568,3.6035792410636147,20.50888340409652,9.788423638912901,0.002603055337634316,0.0016054728217602611,3.59938218635447,0.0031862563987224077,0.12328544662541308,0.05588046883381611,0.5172092512009475,0.27475031302704434,0.030426277469381598,-0.009060096077956324,0.25934485939311036,0.05461107572295811,0.29556610942691613,0.04924672767368272,2019Q2
Consumer Defensive,Beverages—Brewers,0.22804539673283886,0.5987582368857769,0.9252769665427351,1.0589525499386427,0.16180207603153596,5.370775700222576,8.630491394505343,14.814060257786936,0.0165887513656759,0.03208510255705633,18.169970978082485,0.026772353956843634,0.17700826412350382,0.1137266026273598,0.47012669477331254,-0.12708095928798532,-0.0016875651905108983,-0.0154625462858866,-0.10071058898544356,0.08541900528376263,0.19254831532989117,0.08942452698803523,2019Q2
Consumer Defensive,Beverages—Non-Alcoholic,0.3515318051339217,0.8341632242367677,1.4516274339418733,1.725418556805051,0.21992422921563543,6.8018864440208855,28.534808368860762,12.543999123694876,0.009123958780255431,0.04120419495914732,16.704979622562902,0.02656898615946639,0.11733315610430045,0.021451388346101018,0.503142768932381,0.19482558566507355,0.0043846553775586635,-0.15027696775458907,0.09272557582828235,0.10356297747685232,0.05596024496299528,0.11406034338944673,2019Q2
Consumer Defensive,Beverages—Wineries & Distilleries,0.27475654349842765,1.3952479476722763,4.452033102458784,0.5828496319668369,0.08420647346838037,2.035370423298473,107.55428119227042,8.169675536980439,0.017039759180441684,0.03082780060416116,17.800797922748878,0.01500304332762068,0.13177671181929898,0.14233905415466383,0.46250316965797245,-0.02600017949382737,0.02325158761218334,0.030707788337165903,0.009090655212757415,0.11397077765358854,0.12311192269336299,0.13595997793535197,2019Q2
Consumer Defensive,Confectioners,0.23628584504726355,1.319892043639796,2.220922020303658,1.422415983449256,0.17954823974618112,6.491185063644325,-194.46633294850932,14.752677256410873,0.023072610359985125,0.0673920898998928,29.672902558415725,0.0299472454695094,0.1628824263036631,0.1286135499234723,0.42761613979762925,0.11985355969302862,0.031336775475945676,0.0167363096269151,0.1256545987637066,-0.05382244557918125,0.3564049584593971,0.019085628129230925,2019Q2
Consumer Defensive,Discount Stores,0.21812661469394407,0.23525127315755562,1.3519133622531414,1.4408230113454046,0.5034091454606706,3.584186453842598,37.33227649429569,2.706399686656208,0.021329895018774143,0.048678061006492586,21.693926547324878,0.03381302372927629,0.0524797240094086,0.03196420681007453,0.30380617495656076,0.21965813318992805,5.012725202813736e-05,0.0010595123285205164,0.2110987327052912,0.03427818286128172,0.026331894899796142,0.04261382062017174,2019Q2
Consumer Defensive,Education & Training Services,0.10589796808404,1.4360702406000347,1.6923302522150367,0.7729650888223362,0.16636744610322549,1.4247053991852152,25.333029001548535,20.542531014824345,-0.0024116280879597847,0.009614064031222074,16.548300304406705,0.0032081810612716193,-0.0006162715999438966,0.002558250001607583,0.5213150551016821,0.10339963478998877,-0.024973354814292477,-0.009895228202017829,0.14063673258725565,0.07283426523018509,0.410896291951229,0.05962894827712075,2019Q2
Consumer Defensive,Farm Products,0.2572449009706318,0.5512521605472757,1.4950779623623318,0.9962391217028738,0.2928997595502451,0.8738072451325277,-7.017562174369825,5.027676384739222,0.01462292969175993,0.024836323930144483,14.586913186780166,0.01356651072192668,-0.19396497288403425,0.0505536559502246,0.1317959219202366,1.2535706744914374,-0.2567997378592118,-0.005358034245195886,1.0930353778586173,-0.03342643346995031,-0.8841858986862576,0.4922460734647534,2019Q2
Consumer Defensive,Food Distribution,0.36253523958888634,0.8009221579206545,1.7299068836019553,1.8440276379564904,0.677979175115171,1.962732155877362,42.3845675840948,1.8600830216446795,0.008746375559069855,0.03147360456055222,9.768200514123464,0.013664647067099332,0.014688369001938602,0.01236198614040019,0.14270422803383137,0.7736778146236484,-0.002631160902159164,0.0009514747950255115,0.8088940959041719,-0.00868101272355248,-0.05976780345684298,0.02551318619753561,2019Q2
Consumer Defensive,Grocery Stores,0.3577922863251768,0.30527234013322074,1.4127043256958158,2.015028977773876,0.6613470477157932,2.2181682709984307,-26.31651300223238,0.9639891720123589,0.010581466354036157,0.02377583579655311,3.3772930576933264,0.015792244698416658,0.023175938285972513,0.016192424354329583,0.27253065341947375,-0.12912286414347424,-0.004616860846258901,-0.004175096851605871,-0.1256930432592996,-0.017095265765455774,-0.13661914865047842,-0.02314350876561627,2019Q2
Consumer Defensive,Household & Personal Products,0.3131222212131608,0.9871155930440734,1.8568157133443774,2.1199166848614084,0.23974451124756166,4.360570138604314,63.32634068372411,7.488789997017588,0.021709682764172164,-0.18572175880613734,17.08859708570382,0.031183792174545026,0.12307972925148906,0.08469631642924634,0.5046098707070821,0.5156073805671949,0.005470954647751106,0.011315845455680764,0.5936343789533338,0.07908212867765428,-0.27404895796088663,0.05888673884056151,2019Q2
Consumer Defensive,Packaged Foods,0.24403797663855514,1.7375642157120939,2.8285363068955065,1.015684660421656,0.23602671389933175,5.172276049968735,23.004146504071095,27.194110137563502,-0.027225549711208344,-0.011816347211731526,-3.4734464844372392,0.0049520498781783035,-0.09812323890984652,-0.09291780527785301,0.2681711310726354,-0.16809608893598804,0.016456145251641782,0.05696134218255871,1.295780391422255,0.031302696023807,-0.4852754092024938,0.047924577856559805,2019Q2
Consumer Defensive,Tobacco,0.2689123092894737,0.7032326405251312,1.6989856574620337,1.4374660361511267,0.14427877938636222,11.662595716425061,20.889695070223866,9.326080510216196,0.020054309411588325,-0.016300747141321077,-21.06699206748791,0.016687726754398186,0.21197303538444073,0.14452496842338175,0.2990745664110732,0.948160156797683,0.02881845884927686,0.0851769741474492,0.8868689506538012,0.12542598456807386,0.39887918400885625,0.09872648368038872,2019Q2
Energy,Oil & Gas Drilling,0.3436715979772729,1.6618053635025005,2.095406961345942,0.9881733726107902,0.07072204980646861,0.514925917483108,-12.50804140900541,4.746436128042386,-0.017610458528602064,-0.04302638411863719,-5.782808905810947,-0.006426477398481445,-0.17457958537761542,-0.26994685910929056,0.1842991424894307,-0.667889116713528,-0.12452895207400222,-0.10638576978735348,-0.6569711954266133,-0.040718553446269456,-0.6410855575280009,-0.26275932689773207,2019Q2
Energy,Oil & Gas E&P,0.21545084176218704,1.4620650701338591,1.6218745227205518,0.9302509242799214,0.0933801713754776,2.485616259310627,17.979988879205997,15.09617273653419,0.016423660935400635,0.04661523287101531,8.066297114911526,0.06848019478256222,0.1915879121860413,0.16925343422043376,0.3350953323945204,3.3427922423932057,0.010349043922376911,0.12467582205569827,1.1394232814595153,0.05143060727846234,0.26564106339907817,0.0642043965076036,2019Q2
Energy,Oil & Gas Equipment & Services,0.21409326596882813,1.5641445657697888,2.2879064868659653,0.8187943626231251,0.16292036717879302,1.2111947701709216,15.178072908537578,4.117620538224533,0.0019230544234771641,0.00986707953591126,15.446048799358168,0.00928187898048956,0.03076821565608535,-0.008529904947872213,0.22383989368158694,0.9044908931478983,0.004232406517279009,-0.012835089793893308,0.8233558431387639,0.04588921016457386,-0.15628559107609405,0.05743751639366723,2019Q2
Energy,Oil & Gas Integrated,0.24043851991799714,0.7501134160780135,1.1674663458990524,1.2615451311774804,0.15144200857852524,1.28349544573933,-0.9707951937869268,4.039062626680372,0.013109895836997185,0.02972323886059887,10.242445945240624,0.02195170781283378,0.15001885424207195,0.11661964059490529,0.23596947925146952,0.6670155664576193,0.0021790901102891847,0.039602552360407876,0.6651439479746639,0.10632730183286719,0.04807221859085321,0.02559687881028733,2019Q2
Energy,Oil & Gas Midstream,0.4861459756946567,0.6913058826419042,0.9358853720069391,0.9845186262166937,0.08927604085591727,-0.08698636047239144,11.849895630086115,8.59053240322129,0.011617725126179243,0.008606383590340574,2.7649625545217904,7.362648805045408e-05,0.20349258186614796,0.08065997763535465,0.28428117939691694,-0.19273858565112903,-0.017311942549576236,-0.016694019643723797,-0.012549774982581887,-0.03596032512735677,-0.059985554034949956,-0.07562549499895269,2019Q2
Energy,Oil & Gas Refining & Marketing,0.3032970690244284,0.8684882302532767,1.4288960034285751,1.1952525358673436,0.6063022721062001,0.7327160057150741,34.54596568710206,2.009494314244117,0.005389126012521269,0.01331349023335277,9.400287143564272,0.03734341610520035,0.04903563001295168,0.014216392449835141,0.12136510136278622,1.8773976312918141,0.00441461442981485,-0.0025673039654275282,3.1459685139076794,0.15438235877346254,0.28474129764228084,0.1629944983415191,2019Q2
Energy,Thermal Coal,0.2297895314900252,1.094794850333394,1.5961860879629166,1.1357461783242586,0.13362029211519263,1.1875028457016719,18.945299902553774,3.318375363678575,0.0187864151482014,0.043179226095704744,9.113588618570642,0.03592382208914142,0.11584871001437352,0.11241758800275206,0.3210423016315911,-0.67282559277789,-0.028073458823571585,-0.15712276161549146,-0.6721347888958545,-0.027815012463090084,-0.049856969381609016,-0.024357329619856333,2019Q2
Energy,Uranium,0.12741464056516777,1.5414262131539067,2.779612385000937,0.5800345951923237,0.014151298317160515,1.5751434782833178,-44.06194751658898,5.07069571536321,-0.027389159012263017,-0.04259624504034754,-14.088567716541174,-0.026925489498410456,-0.4109006153002697,-0.4124112605391277,0.05782053021800683,0.1703183583952998,0.0442709838588472,-0.00707222774471277,0.1813092986921015,0.14043253027840855,0.2908303292962688,0.1431298792180697,2019Q2
Financial Services,Asset Management,0.11791466610133287,1.9751397694312194,1.8508276994482493,0.5194224078660565,0.021516828436353108,0.6749399452924248,11.761188902880532,17.73034412939931,0.01693643013904571,0.026360369402896322,7.4188209750101395,0.009631478566322642,0.1849674174471124,0.8099215136408493,0.2947447116061213,1.216648833414646,-0.03546758166316104,1.6947878568541377,1.299786327192596,0.5184088185109856,-0.0551345910271045,-0.03393146097256699,2019Q2
Financial Services,Banks,0.027097082236103,99.74115740794132,99.74115740794132,7.849421329360258,0.0014625654774686,0.4425682499142457,17.016899301420416,34.194012281071444,0.0033803910333204,0.0299145045118442,3.69860922933737,0.0241286186547025,2.856046791209088,2.311275006416231,1.0,0.0311264982901771,-0.536243317177246,-0.3000270291319986,0.0189429804972457,0.1512121541978322,-0.0307681023892036,0.1512121541978322,2019Q2
Financial Services,Banks—Diversified,0.1567650748449555,0.8575198478435692,4.608859585838174,14.716838406488998,0.007773122416798922,0.9610954522527347,-4.89674510758819,10.136954440787697,0.0019507474681879054,0.028582260810028112,9.831085310763699,0.0017084917183555234,0.01915406492785793,0.2800915858059343,1.0,0.04848992607040923,0.0009326808245505057,0.022755416771031614,0.03460183524884355,-0.001182650757431906,0.0019606804691134332,0.0012319069240991946,2019Q2
Financial Services,Banks—Regional,0.0636206974298902,6.82791994735928,19.555366403446563,7.821599449385671,0.010490999298965619,1.2616093513809514,39.086955248093254,13.87406184118874,0.002892500921636313,0.02541817474897274,10.297445849606376,0.0016116708320752895,0.04542234197167818,0.27708093495306,0.999915519499576,0.11862643694316806,0.001783788767499748,0.004553608298856386,0.1305325578907356,0.04039548389940131,0.008195540890779361,0.031763225368741876,2019Q2
Financial Services,Capital Markets,0.15507736659479326,1.2278333018767176,1.294864567732256,5.569349725513359,0.10927170916324873,6.062409235214781,18.85718192116129,24.597604406198272,-0.0020928008374701936,0.013756586369956334,19.150274315465882,0.016245997729491635,0.0786596188013616,0.07203912134287714,0.41887627667329763,0.024258991890484718,0.04945794080338769,0.018047580728356508,-0.017667967262780204,0.06543969250628631,0.2213059753984656,0.2456929830778498,2019Q2
Financial Services,Closed-End Fund - Equity,0.2786566178803234,2.3557951482479784,2.3557951482479784,0.4024891774891775,0.0,0.0,0.0,0.0,0.0,0.0,0.0,0.0062970454220266,0.0,0.0,0.0,0.0,-0.5131470829909613,-0.3744179676800876,-1.0,-1.0,-1.0,-1.0,2019Q2
Financial Services,Credit Services,0.3764714127083504,1.6896128493143383,1.820919181868324,4.394649681543237,0.08857686562991286,4.00811641766521,13.484792322059961,17.45762797480049,0.014347247191275926,0.01763024252214236,11.526684999650703,0.012292674083145534,0.12167377830998129,0.0207666158062681,0.5561033249642052,0.038747367748859105,0.0052465663954276345,-0.05449785085694746,0.04745293938972198,0.01858607062341943,0.03154438530238534,0.0017255294712221758,2019Q2
Financial Services,Financial Conglomerates,0.4514240546931144,2.616694641341637,2.109556457838563,5.022319942298669,0.06746787178689775,5.448245615360464,10.469732584251293,8.276410168349614,0.011512052082518749,0.059112774901567855,37.39131055112366,0.023529036154488574,0.17008309802847366,0.12499043480580013,0.8733765920431618,1.9384646962233172,0.08251353830454086,0.07423302407931287,1.834777379897659,0.12100437556438252,0.5788193610377131,0.11843467351878798,2019Q2
Financial Services,Financial Data & Stock Exchanges,0.24892453281702168,1.022449429483019,1.4013999432535174,3.174143412568122,0.09607520391081198,4.793730372666865,99.88364129164948,25.503955516683632,0.02561386038130259,0.04187402405738663,29.49331102339669,0.03178318380132123,0.34693533277673316,0.26634281468498455,0.5986863218744839,-0.010099389372613798,0.00968303617221459,-0.0240861773428479,-0.013292738264056128,0.04237359752856648,0.07928501612380537,0.04877917444762162,2019Q2
Financial Services,Insurance Brokers,0.09120517751731079,1.0862195437413034,1.4884517500713488,1.421655456586024,0.1201316974686667,2.3545993921673474,50.75409063416387,15.36816515117532,0.007059549137029269,0.03736437101029469,20.825515144232437,0.011903381177669677,0.060843363629696424,0.06008490912252879,0.2814007073173077,-0.16732429737944354,-0.08323888445826852,-0.052657406932474844,-0.19343181386031852,-0.03841654346633018,-0.26397875042397284,-0.09988244863472934,2019Q2
Financial Services,Insurance—Diversified,0.04085058697874213,0.05394960548339734,0.04529635230418855,3.1418140201136135,0.034468048379936014,1.401410322085791,-9.330463238462235,9.403612811208761,0.004834161724564059,0.01918995788947063,6.653730137491889,0.0005222994905158059,0.0,0.15780628395373353,0.6004001489849937,-0.03126544264546328,0.0,0.007759392195513078,-0.09576140395822802,-0.07068146996580658,0.0,-0.03660584688694398,2019Q2
Financial Services,Insurance—Life,0.05362032948914832,0.28023562377913036,0.00532754148979548,9.083150837134037,0.02799607557573227,0.6710049421644726,15.051267322566321,3.1132941472756657,0.00141808804416527,0.01587014063565976,5.65801935809612,0.004892473447338062,0.051653661812273786,0.08526627572025527,1.0,0.024117985477926113,0.013713657583174799,0.06045042520904637,0.42045862027542735,-0.005214728709679186,-0.01500240997562655,0.014084323497622252,2019Q2
Financial Services,Insurance—Property & Casualty,0.058155305091888605,1.67896377731623,0.9356931163341171,2.738917641187643,0.08907869882934441,1.5794329551449062,30.451536504629615,6.432389155773602,0.007703991817310409,0.023985506735012794,9.214844922083579,0.000607784088386119,0.00018623833321904998,0.09157266036589007,0.999314672959555,-0.2632286943070962,0.0021564614673020756,-0.01933910369530393,-0.2629278864360488,0.006581670097635269,0.005769555815494386,0.013285617324651949,2019Q2
Financial Services,Insurance—Reinsurance,0.057988193040271876,0.711154012339811,0.5537023989075075,2.0802441557035385,0.04137508747844478,0.6956376603807514,6.510360248335389,3.1181026288506257,0.002364322641078975,0.014802076100031824,4.778716136965577,0.007923420427303086,0.04305721040819084,0.13769040641094463,1.0,0.06397416071641478,-0.005410684593938166,-0.11045372677634135,0.003883130698335854,-0.08154666209158082,0.03320034872502212,-0.04102935822583104,2019Q2
Financial Services,Insurance—Specialty,0.08560994682783932,0.22337303977471618,0.16474686130367458,1.4915135686850463,0.07606284480343989,1.392664864041645,47.63823382818437,10.253690214507687,0.012203181229984587,0.03218591711440125,9.835319858703496,0.0,0.0,0.13994071245770875,0.42115169042920586,0.14575638445047484,-0.000510435157927975,-0.04289958922328628,0.14514213681832072,0.05644102512679895,0.0,0.03371008006861934,2019Q2
Financial Services,Mortgage Finance,0.6450034454167207,0.9274459565620141,7.177733543145938,5.059701681661209,0.03666028416671313,0.7742211515197908,-1.566824450249656,3.2228587376572673,0.005484191205326255,0.01789150537569969,5.9797674486067525,0.0022545856509715778,0.11835063541685173,0.1031609070120249,0.22880486375668554,0.284923108468395,0.007690188345792862,-0.019380617756032024,0.27667814328046025,0.00039806980995226414,0.07621428462321654,-0.010042788654041436,2019Q2
Financial Services,Shell Companies,0.23857869673436388,0.7621012136433527,0.7245852065028968,4.70886066682036,0.028952294806113957,9.133464071372774,-90.13037620631681,0.9580102874273505,-0.0023770080109680887,0.013224223732382452,-196.6665990192027,-0.007530878868687022,0.012648462912902312,0.005307822835290721,0.07472333776319975,-0.1546768839843472,-0.0029536705389050376,-0.00962004149244969,-0.10629090019726119,-0.38531123946364043,-0.1882575391504561,0.031703228013380276,2019Q2
Healthcare,Biotechnology,0.13842216150631254,7.126890322867412,6.41087917178256,0.5726059503508482,0.02770254102894813,-10.23651606921945,-173.88955693292206,1203.0047848210525,-0.20169808269905617,-0.15364865345690226,-34.74144368956224,-0.1486778458358727,-36.03355587990929,-36.25339333909187,0.19307901335321398,-0.19412111272960306,-1.1191458726734775,-1.498496219692495,-0.8893010003085468,24.624004540503698,-0.3800193480219606,0.05009563702977677,2019Q2
Healthcare,Diagnostics & Research,0.2755072012975061,1.9018748818872668,2.386848776230957,0.7473400028396876,0.12359121385623875,7.690055307484752,28.72415927872429,40.62632579224124,-0.08038779825834741,-0.07199746620473807,-5.317004400664462,-0.14566786183218564,-0.5799164686158417,-0.640524200724982,0.39622408557087146,0.0479956559473339,0.06536326267242273,0.04622515863890136,-0.006540470702791443,0.10914675228802888,0.13155880773608356,0.0989125699967414,2019Q2
Healthcare,Drug Manufacturers—General,0.3614057179998217,0.9125747012602992,1.46317136486419,1.4025683862939364,0.11139129719164814,5.559779649171406,57.19480602924258,15.049449005354226,0.025551666668456742,0.07463573193171023,14.31575458987796,0.0352406722758475,0.27086219438127246,0.22469193795943027,0.7530716923169626,-0.10344218535591694,0.022600839825302536,-0.018334823168110463,-0.08256364657595353,0.04745340733536583,0.0582830240044738,0.06325068549014204,2019Q2
Healthcare,Drug Manufacturers—Specialty & Generic,0.2931316478687643,3.0693224031463346,3.8500587304933895,0.8726584528373398,0.0909890444410367,19.824561634846873,-354.03356847294043,987.4029002614924,-0.08923272911369814,-0.05884713602349071,-40.365571643306545,-0.09963283500755808,-3.1521792652210165,-4.341123478751153,0.49435236318383313,-0.2336750372142626,-1.5248323263719992,-1.6127799204048558,-0.34641753674146947,0.7204571382830136,-0.10046002434772501,0.05304021410257266,2019Q2
Healthcare,Health Information Services,0.1348713010414585,2.03407545914007,2.3576284956985414,0.46863870173987676,0.21219509253396107,4.810145879035833,29.44368799495942,16.41969896231432,-0.004520780726915772,0.008144793043323476,10.699130005609694,-0.0035548465900079327,-0.016578509274152428,-0.01842270974559127,0.52205374635156,0.0538215334367491,-0.03163289303137521,-0.016666157810601327,-0.0874269872967396,0.04893236271557735,-0.15282039814698614,0.05367730954352322,2019Q2
Healthcare,Healthcare Plans,0.22816100366283046,0.6105963463659491,0.9002885674307344,2.108294410427475,0.4219474616043296,2.3223069536601852,42.3015272696098,1.8275057112404711,0.0160624702119509,0.04710541506845187,11.189339883585523,0.028089944667304374,0.044344556827253925,0.04261797879919287,0.11070405427968638,0.013288234673644516,7.110420154694992e-05,0.00041066900481394,0.0023354820553921998,0.015319285550890915,0.017594082053801054,0.002366711113369957,2019Q2
Healthcare,Medical Care Facilities,0.28509939073396184,1.0757827858067772,1.3062334968401823,2.8151439143713923,0.20146537808339093,2.3138306921889176,73.87198072667198,5.583548585175174,0.00840483159285414,0.007467602726722978,14.351336092672833,0.021232302865504954,0.0805326122323426,0.018296158147597708,0.3642433253923794,0.03749181001001245,0.007883191738324382,0.010674256857231855,0.005654299681706243,0.031821624959858144,-0.005991338999578051,0.0696752052785897,2019Q2
Healthcare,Medical Devices,0.2041620623691833,2.9529259359758937,3.7465607855699274,0.6591711851373361,0.12137241750375088,9.159684333651176,-36.694489804503704,209.68303721817753,-0.12122885265704739,-0.10882740577008401,-21.91370941573679,0.01769115758780202,-1.9149920214635057,-2.028907062770515,0.4791678504020533,0.10513610534428472,4.163799624348006,4.389231762546878,0.07137125385637708,0.19868003470627188,0.12180586349908278,0.10681726781219125,2019Q2
Healthcare,Medical Distribution,0.2611296374506479,0.8704318658994005,1.563654867860659,3.1813416450978926,0.47754040684895055,2.4176943593399596,2.4191564273924655,2.581055807649175,0.002780493511283337,0.024898007592720758,13.512872733288038,0.01666181914295011,0.020652092516485615,0.05242299605360641,0.19715628476249486,0.3445125895604121,0.004915874801929025,0.0064699605735634,0.32213114162328327,0.02428285596685226,0.07505217213338218,0.03510305781824645,2019Q2
Healthcare,Medical Instruments & Supplies,0.17674443984121097,1.8125358050781604,2.5298843862396025,0.15769565919419587,0.14466372472955683,-4.0424514789929615,161.54980057902966,29.572151077765177,-0.02107033222144639,-0.03228897020153193,25.244996632948855,-0.046850428259086134,-0.1330240614793019,-0.1214672472117708,0.4914570374385105,0.24641826181794188,-0.29393333598347854,-0.04244589926159726,0.2378718946152012,0.06279323035962524,0.26800164862974474,0.0812918174012068,2019Q2
Healthcare,Pharmaceutical Retailers,0.21453716015334728,0.8806778872252469,1.6417155577228637,0.7637677771852305,0.4179804049818344,5.420347694379097,79.81224349261252,12.39173078082609,-0.009470139097987672,-0.044055976313613715,1.3039640496904519,-0.01104143942589945,-0.12835098255913252,-0.11512178924896957,0.391154306149326,-0.12384409614811998,0.011227019312311522,0.016774614550453867,-0.16782569625758864,0.09550537948803199,-0.3267801717358247,0.08919153591755945,2019Q2
Industrials,0.0,0.182793206136047,1.0249793669442886,1.2177972350495316,2.561635567071058,0.06026053410620985,1.6779370511213112,15.519206082308436,9.966536508000338,-0.06000995427896477,0.2198270318796513,5.9620103372474045,-0.14789562880506685,-5.0068621108074325,-2.9410227537976743,0.4584976125211104,-0.10185097737968127,-4.269742684504561,-1.961652548564284,-0.10514548989803325,-0.025458447074617953,-0.080906571397474,-0.18874631648579307,2019Q2
Industrials,Aerospace & Defense,0.16260944038370007,2.102793462546733,3.1318435069439317,1.1919221743788548,0.16390552670598788,6.471717653273016,-17.541433555954598,118.82357848292655,-0.021674414629483857,-0.03372349256972649,15.497620200647606,0.01326756859970901,-0.12996129081704177,-0.1588898288752146,0.22792547611932776,0.051226626831627764,0.05398801755576323,0.04771771917710079,0.077237710320493,0.03724269385780278,0.12091411151308946,0.053529969792157406,2019Q2
Industrials,Airlines,0.3999934354963805,0.577077207065387,0.6520819764488879,1.7428411368028884,0.17647730969290165,0.47053574707029944,13.937444316402223,3.5231809142384463,0.014667497559836453,0.01562974195497754,8.072121125965742,0.027701087227880537,0.1428466951401161,0.09613889399472264,0.28706095993207925,1.139105632601856,0.038520206889946736,0.022727972102788475,1.173736716981857,0.09218399085704686,1.5482400816218196,0.2868496729464966,2019Q2
Industrials,Airports & Air Services,0.21081556727167572,1.9659918397961256,2.04289748056561,1.493148391069714,0.0995083205288354,4.1797954014793355,8.42809765938162,19.45502574648164,0.03023872964394615,0.06999517575187619,14.66630320486288,0.05462106303799248,0.4686067068978064,0.3017264580638287,0.5732266433035751,0.15807912471162272,-0.0062464992111416,-0.0012667473638446987,0.1528541577735556,0.06162540299238417,0.026281735351491302,0.014832994066633277,2019Q2
Industrials,Building Products & Equipment,0.24589973313694008,1.188876828739716,2.1654623743741017,1.4838630557088464,0.28768502365111953,2.8514396122206933,90.79305404763858,4.245716972668809,0.016723867777514348,0.008393578581282797,9.791198474950027,0.024458311773451712,0.09486114290303291,0.05515578933949771,0.2773981922469867,0.8138796935848622,0.031040576852886678,0.025986736780584347,0.8482070948455143,0.11545176702383787,0.720044729440805,0.17368896537765524,2019Q2
Industrials,Business Equipment & Supplies,0.25759766987293437,0.7918912193072409,1.3842277930384275,2.0209064377453125,0.3220625651533008,1.979097627294745,53.150317599369565,3.501347355088046,0.020435376526220718,0.04198732144887918,14.01847340985611,0.0330538586184166,0.09802445651203269,0.06644495181414832,0.31828857596502885,5.231903393541323,0.032811763558066295,0.032557100713358905,4.592170674853217,0.08649625829734353,1.1284182303717207,0.14144388229777646,2019Q2
Industrials,Conglomerates,0.3644070237100396,1.5399987949253466,2.229903175020199,1.7570414033089576,0.1541832276339077,1.6449792730494686,3.7815900460117944,5.792165663677042,0.003300737705330647,0.013351648709530655,-0.353505532305843,0.007120858407485794,0.03488169782131331,-0.0191235292528023,0.22018407551807245,-0.24608147327111124,0.007282907373329755,0.021007717351255346,-0.24359453753119134,0.03170404140002483,0.16960866557014342,0.02747442715176484,2019Q2
Industrials,Consulting Services,0.26926508043591263,1.2604448686821255,1.3764917996554946,1.3799076414175222,0.19990517738538358,5.753871260339285,78.08748413402135,11.236949486242125,0.013096074810845708,0.03202762240939103,22.260915385424678,0.017446586883537715,0.10426660919705953,0.0703030243180908,0.5044502491368399,0.37493874766567936,0.02765376941640654,0.01351417980207615,0.37556997254012864,0.06067978562226582,0.593275907375536,0.07901759364923862,2019Q2
Industrials,Electrical Equipment & Parts,0.14858522514209044,1.6704988724731156,2.7591896245928873,1.3715978750137086,0.2035594032434818,5.32981978602906,11.109104753830882,5.246923616464767,-0.0042821050021182834,-0.030079395427520604,8.184926586636312,-0.05268266826627611,-0.07352548071690719,-0.12647495666756714,0.18718498661817146,0.4578460178992558,0.011697342061699504,0.0023398027640608096,0.2885456118588431,0.052242463881335036,0.6787497713867391,0.1649503000773639,2019Q2
Industrials,Engineering & Construction,0.21326071258827858,1.5093889959336118,1.7574820982809762,1.5399178842068912,0.38045584011136596,1.9875142703753232,74.80495104939702,2.538092428118027,0.006851376638079156,0.017119645082424997,12.524583430458993,0.013340913239657866,0.023896512376970717,0.003931576709365007,0.1523808001359506,0.7889075630975313,0.006432086728476566,0.007312317109575503,1.1095310645310137,0.09108732895828742,0.38122357884189456,0.0875215676057439,2019Q2
Industrials,Farm & Heavy Construction Machinery,0.25267782908052727,1.0302665663267903,1.904364918030084,1.8432715045017907,0.30069957742901554,1.5620688911407463,-5.909399754649186,3.911477779797073,0.01721506447554697,0.05859773873446166,8.954802326663422,0.02668756085819847,0.0736515221947593,0.056815234425216486,0.22935909121292983,0.41309540929661764,0.054512632837423226,0.06398741519526938,0.632254332157121,0.1993450122210906,0.7399805004165511,0.15364564394054794,2019Q2
Industrials,Industrial Distribution,0.2639270518891168,1.1616677943488474,2.1969403864013515,1.2007471479171388,0.4368784989001099,3.8622663690750825,114.27974343733162,3.5397827401613173,0.02308013740163637,0.05706704516464954,14.510299203249017,0.031805928390706874,0.07376477726191857,0.05046761806707756,0.3013535167769112,0.4958648688506032,0.011731358380405522,0.007884663322143286,0.47608273513052235,0.12721820386702137,0.7794478241937416,0.10188356518212985,2019Q2
Industrials,Infrastructure Operations,0.34723383787711054,2.1151923661842007,3.0291427179191306,1.7990611812904984,0.14062584393073385,3.9937994528447174,119.79316834790956,11.898936554297158,0.0086542846795477,0.014963114877960999,82.02479321994713,0.013996522085675998,0.12919605354671035,0.0530135421441231,0.5811445206482734,0.0803571428571428,-0.007426211444430999,0.0049866533981157,0.21070934787618095,0.0846693029674117,0.0578401144371898,0.10854616747742349,2019Q2
Industrials,Integrated Freight & Logistics,0.26350023815701024,1.495120021901323,1.7063504074141822,1.66752698631828,0.41351901903744154,5.427913236511739,40.91790752928819,8.408554076121073,0.020274947767152572,0.022399891895243867,7.181564601543214,0.030113755131998512,0.05067139516971199,0.03186147818200754,0.18107985994775636,0.3483724744920186,0.020289227749304677,0.017927173698077416,0.35237509894260377,0.07222728890170275,0.30231390832438076,0.15634086705538822,2019Q2
Industrials,Marine Shipping,0.4631986373719873,0.7943951890748633,1.0234441760562984,1.3299755507753706,0.05684485549963506,0.508943238230733,3.4223522030622826,3.9941042778911586,-0.005067636944449322,-0.01148541060801371,2.598615618712244,0.0054920425689128655,0.09780388911536456,-0.08214551594463212,0.19962381869679688,-0.9573729781355659,-0.02188015216768029,-0.06793972705035788,-1.0978094554546003,-0.021173129473090302,-0.2182164213859409,-0.12398663547578179,2019Q2
Industrials,Metal Fabrication,0.148742908935233,1.1704504330023777,2.517704882140986,1.0115846252349692,0.2625410011711905,1.5081307060402818,-31.94494036767898,2.8733162956405063,0.004215119562857465,0.013389222202677036,14.101106195325945,0.007527533464192061,0.032843703185796484,0.018683576689744446,0.16874382817474287,-0.2764206791575258,-0.004135409751890017,-0.006290101109540084,-0.26910626374787877,0.009991720679210116,-0.20706582859460154,-0.023405878306798675,2019Q2
Industrials,Pollution & Treatment Controls,0.2423749014830374,1.888363891275455,2.470110162783041,0.6744945394232099,0.15665742684782905,1.6762027689743613,17.557771338168624,22.19619315772476,-0.012949376697242417,-0.032064451568163774,31.41892909600184,-0.015913089522700874,-0.01449848927232032,0.04274236122285415,0.3392133244036674,0.27981362352886274,0.03921835726902775,0.037487121710011576,0.3497936531634274,0.03853990571800986,0.3903576416046276,0.0652664009542563,2019Q2
Industrials,Railroads,0.2622673344620955,0.8681351723925742,1.6617139143947288,1.3419779412050212,0.12925106966670905,3.3487001993819554,60.11498603105889,11.459271340946165,0.011953196768480959,0.034140613774451205,24.130456106807994,0.0203711104193508,0.21704758281158754,0.14714579042997464,0.3264430715283917,0.14429793765503005,0.027848918416466358,0.00539680776970916,0.11536364541606663,0.09073381481265351,0.19860096980767022,0.10415586486893498,2019Q2
Industrials,Rental & Leasing Services,0.5860756439784441,1.1104371079186537,1.7916178862321874,3.8611082538964325,0.06993415111717702,1.7960662701720245,-15.124881129768314,4.385935999519303,0.0071035525827208516,0.02832533358797479,13.464010723721362,0.01288083550953794,0.1648640969407376,0.06959421010226806,0.45852752886469234,0.6342098971633251,0.014861692125793274,0.014925957012744842,0.8642372453089102,0.08277631009537827,1.0319046624979484,0.0929419640990417,2019Q2
Industrials,Security & Protection Services,0.24486800437662526,1.0589579697735017,1.870968972509508,1.1300007472304472,0.18190858351851139,6.71637436280596,44.70703812650382,18.461380207231777,-0.00976143986022436,0.004544671246307933,-3.1843660071065596,0.003844428187027741,-0.008285421062794038,-0.13974469947116744,0.31693826783823037,0.22701586562973053,0.10370841888737388,0.12239144119734442,0.22254114322256696,0.04820501369597497,0.5299545553430606,0.05976668069590478,2019Q2
Industrials,Specialty Business Services,0.27660582181775323,1.329059174697153,1.660063064905905,1.7548356290760707,0.2320500334193809,1.7106537041067045,50.89625929439493,6.646380561869864,0.011359924862946852,0.02201091445388188,13.079659222558318,0.013426049327994146,0.01400347627715812,0.015978176816922266,0.307720422598462,0.3703528797478345,0.04539648456887588,0.041611532517291556,0.3678079472422916,0.023092078444745836,0.7500039911549027,0.0948604133457718,2019Q2
Industrials,Specialty Industrial Machinery,0.2390669751085236,1.1794355590928767,2.340929653335388,1.3037265474835087,0.20054287631242945,3.73323818279724,25.363622458108992,9.802122293135358,0.013389509504758328,0.03983267853265763,22.194429469979173,0.021055761910419548,0.0924905286271058,0.049067400634648914,0.3268893173184404,0.2599107583911727,0.02044282202836495,0.015295031496833169,0.3699522661331952,0.0571588186307448,0.20679996070908327,0.12053425757329973,2019Q2
Industrials,Staffing & Employment Services,0.0955530007913642,1.0468782040421292,1.3260402216657095,1.7138161663339941,0.4415560930827234,2.993678782765642,19.241384465736722,3.353395644093486,0.015955298544445495,0.053550576436043246,8.516864363910473,0.2638151697612955,0.06519998751906388,0.05797915409860611,0.3120362826036791,0.7176702101331326,0.0238199090896958,0.05182237959818493,0.8415271271511868,0.06262091403473204,0.6846376921680105,0.02831171977114377,2019Q2
Industrials,Tools & Accessories,0.19989642386652834,1.3374915594691794,3.1005611482144553,0.9684320842919977,0.24738096866762702,2.5605226425010006,60.635339695568035,5.006824123777549,0.02139195004198707,0.038535592950506764,14.436367046179058,0.031371369217262066,0.12733531530967043,0.09591932669021862,0.3313645906336931,0.3518052382118499,0.001955067102056809,0.0034694049869275247,0.3445716299098587,0.02321746692221735,0.4562481492016355,0.029428351157770306,2019Q2
Industrials,Trucking,0.24572815050723867,1.165021306431695,1.3866730112795131,1.3409748198285254,0.31888980454256727,1.6749848145077568,21.233760375355686,3.318764937725746,0.012896131989073887,0.0325297838969834,12.751594269485048,0.0195616449776311,0.056286057381869856,0.035798571227791606,0.15324358054409282,0.18052499951989381,0.017412603379198054,0.012327600026943107,0.1873314835771314,0.0437269231818148,0.30935841690594884,0.1605672941354624,2019Q2
Industrials,Waste Management,0.30066280044366384,0.8038292177013002,1.2042190992331652,1.1832739289752638,0.1635620214277244,3.4832210010904268,24.82239885885253,20.339928963974263,-0.01714916709613148,0.019195456640029484,16.90534442259574,0.014448659637285293,-0.4557354867665242,-0.48500088202183683,0.31982000976605746,1.1039479644508974,0.8166366565120925,1.2149224352321368,1.1267030283937813,0.16301275407830776,1.39311543397661,0.19561359441089773,2019Q2
Real Estate,REIT—Diversified,0.5108739605785103,1.617884278271366,3.031970395688452,1.85418629434338,0.02625465102798776,1.6320277420321503,56.46195289403644,24.004640784890825,0.00265250695985382,-0.0070743489628700895,28.893840311670132,0.007875540310253441,0.31383608781433364,0.09724358148812386,0.7401745630903889,-0.035310474239784506,0.04700501095191185,-0.08190563496986243,-0.21779610206376096,0.03373284301460932,0.4359218651046325,0.052787979131885154,2019Q2
Real Estate,REIT—Healthcare Facilities,0.4537672217107033,1.0992308560765518,1.2226493199188864,1.0755492268576536,0.032810387237237656,1.8778827027390717,57.65619745159244,33.264760065848904,0.0060621223203183566,0.0122737677429579,32.43413140812849,0.010657008232668378,0.3411027755219801,0.1895805822713409,0.7713953540950623,-0.042426745846037464,-0.001671711315479322,-0.04475120097653906,-0.02161199643550265,0.05512366492514438,0.007068939245376624,0.03002740356509315,2019Q2
Real Estate,REIT—Hotel & Motel,0.4744608478062708,1.1545905735460968,1.5572410061834745,1.6588068348561558,0.08224562283046753,1.0923349900504848,23.525711909393355,6.658592508621718,0.0050756106241023995,0.014023922553989559,15.980658688237291,0.013746203227659126,0.17346380491867308,0.07190560817008124,0.3588892328548783,1.5401380617338822,0.058078747063670874,0.04349831637383509,1.4560408043471498,0.1177808273199665,0.776234335997963,0.21173929513416775,2019Q2
Real Estate,REIT—Industrial,0.46997986232472716,1.1000425846955209,1.3136318135787812,1.136048180434742,0.028933441040189075,2.5314654918359354,32.49736706037525,43.58703781206049,0.005047457349262395,0.013558889668385534,66.93449309664351,0.010934818728129965,0.4039538387814477,0.23394148558826616,0.7692970980911998,0.2902984058341556,0.006074727602465627,0.008832971500338311,0.34125195992914215,0.04073385044082891,0.10746847672162381,0.05706129295821542,2019Q2
Real Estate,REIT—Mortgage,0.321630016215027,3.1101386980570846,2.4001074354546947,6.654583714895332,0.005155861330161413,0.9965564225873094,-17.365439599459503,29.060736032556093,0.0017778409745173088,-0.00042767640936588574,8.156276364280743,0.00029290295339411593,0.024974874114076697,0.4533601970800099,0.014047787360384562,-0.40104579728247686,0.00022914300779111865,-0.18862189723851408,-0.3419986733983977,-0.08402864243116638,-0.007705094841682946,-0.0480001143676463,2019Q2
Real Estate,REIT—Office,0.4743502367526658,2.5490667615759075,3.3137910956065544,1.1612136383269014,0.029164582864567,1.629225392854036,104.08034271399448,28.646783250023415,0.0044715070321917315,0.011151971817457635,54.77856084786743,0.006550544208128031,0.20725982949104557,0.1337125910158843,0.634653080016621,0.3045280264892675,-0.0055822128288085865,0.08331790325670585,0.3533904351993974,0.00883039905077521,0.0724241643281829,0.02211526848992349,2019Q2
Real Estate,REIT—Residential,0.5092160460844685,0.8528255971096032,1.4055446210251799,1.6795424561190124,0.032624884334515436,2.451858724082571,-91.97176327645501,30.735845519266995,0.0060366453473164735,0.011679603265766683,35.45111352373611,0.009228043330124594,0.22068273335488223,0.15320760053784868,0.5960078718618638,0.35720906459327334,0.0038350488532827576,-0.01696190213909456,0.3621871467869545,0.023558799328531846,0.0536109456126458,0.03609745118959788,2019Q2
Real Estate,REIT—Retail,0.5241560674397227,1.0228110979993632,1.9145971253495133,1.8307738157481215,0.027491650538811453,1.7165948017478998,55.338303572057065,23.79091097699239,0.005625380348587981,0.011519113258282225,31.190233356418297,0.009814350678263452,0.31026708083365573,0.22259223604452666,0.7448540584861394,-0.28228344133806005,-0.0014166445375480602,-0.10467325036043797,-0.2877780263950222,-0.012141571674586257,-0.03396953863776501,-0.008570972956213908,2019Q2
Real Estate,REIT—Specialty,0.49578722211660103,1.3125355895214996,1.5149284762546626,1.8604329767495278,0.05351540538889976,2.8054176969780613,104.39843044319808,22.52017795443541,0.007972275612691232,0.022574136051904347,30.921860073984032,0.015328175432647513,0.28544660763087576,0.17697868514742376,0.6866329756884885,2.1024929677858926,0.0087032442316564,0.04127082651321093,1.8166136772525132,0.022422730723696608,0.07273985669435307,0.0252819717228613,2019Q2
Real Estate,Real Estate Services,0.22640359140244076,2.1949970400936776,2.5520255094744497,0.9293550834509575,0.22504437573543773,2.9513932549422957,46.019745417508894,25.909349153846495,-0.003283091867825847,-0.0006325694010065407,6.0317736761483305,-0.0009684495132169081,0.06999005377031324,-0.31849467013516053,0.44519482375739133,0.5061335097668019,-0.013814350985877855,0.0012664643449588208,0.4378705656553631,0.16054025479541031,1.3661701139921871,0.8753822077473785,2019Q2
Real Estate,Real Estate—Development,0.12512492828918248,0.6250737994646669,2.431544207856625,0.7106542197384542,0.10414323775654692,0.3270773070725255,-31.764855848414307,22.5068908925317,-0.002699563365565533,0.0003880678562168116,-36.97246874229668,0.00028673054932087504,-0.08866594221507333,-0.022543864681529264,0.1965801048670315,0.027179140648114664,0.011522070767461944,-0.0024746087711376807,0.20646988490908905,0.25920653897397977,0.41261643158665595,0.8150826436901744,2019Q2
Real Estate,Real Estate—Diversified,0.3729322878922976,0.833536828277845,1.1398433076780683,2.597774437192574,0.03660782315458596,2.11377492508645,29.65315864934795,40.71055145208718,-0.0016029085859781001,-0.015057769812537258,-6.807270609234051,-0.0005641393245150403,-0.23930039703985245,-0.34177197417429583,0.25456098184762477,-1.4670792708320763,0.008734568935844195,-0.052344638810938336,-1.898672799842208,-0.10853751621736726,-0.6052816855120159,-0.5540274899234513,2019Q2
Technology,0.0,0.018445386231872318,0.9682382565549752,1.1098118117877565,2.073478503642578,0.01610403623513634,0.2780577921414076,-9.533131328572797,2.885092357604214,-0.0016919182690947599,-0.019544471428776557,0.7299313105921879,-0.00839006513881844,0.05064173038431191,-0.027858391912532775,0.4911010647496233,13.879114939296107,-0.5511443604892226,-1.8062750419026232,-0.5602465272650147,0.15778391472795922,-0.45570166025775827,0.07695383998275047,2019Q2
Technology,Communication Equipment,0.193480083230224,1.8318640432575224,2.684251733650812,0.8789767456071231,0.2152822459993589,2.4910401543618663,25.698212691974906,8.391057783646524,-0.009786282936633632,-0.014519708817055553,13.51393759300319,-0.014539070287126232,-0.03352950594982683,-0.03311227704299155,0.4124534878875989,0.14533227396748596,0.21672636094730033,0.2961373453190501,0.4043474191839978,0.05013092714318275,0.08675243673603314,0.054544714092902714,2019Q2
Technology,Computer Hardware,0.17494145860425284,1.219022958882512,1.932032616924298,1.028654326571683,0.2458468444376578,2.292403906185772,6.030847750572592,8.993744755352092,-0.025011511554235345,-0.014477919634331295,10.792107188388623,8.272363028933806e-05,-0.2486743525421824,-0.13902975233383283,0.3156808755605552,-0.2865987606925586,-0.053662716314701625,-0.015598280391701925,-0.2967875256830948,0.1712465204003968,0.09455409910610181,-0.013926098613912263,2019Q2
Technology,Consumer Electronics,0.11396540435326187,1.1251002000560886,2.0847913081300837,1.0562921746378648,0.2368099434874936,2.2778721382711744,2.325905151479251,4.703753974014014,-0.004239051570387709,-0.009051020284651818,-2.1541086374063845,-0.0001736945894951162,-0.0132698013730528,-0.026239590300471825,0.26800016599341503,-1.0624928320706226,0.040068217787501574,0.008206682735628362,-0.9537753251175526,0.030583489461412913,-0.4211614611012288,0.3450125298319256,2019Q2
Technology,Electronic Components,0.15571528429099368,1.567544618034752,2.4859950744436743,0.9754712420781733,0.2673498046197894,2.451807394921392,6.683179840721511,35.40231182288487,-0.008610342811354173,0.0002696498216853206,12.43112874948333,-0.008639468718097934,-0.18494130956248483,-0.109263164352285,0.2466163525530151,0.16275855839640196,-0.028248581289065402,-0.010774992260349227,0.20171792817504855,-0.003034854585013239,0.19551850865653764,-0.03724141214181044,2019Q2
Technology,Electronics & Computer Distribution,0.08278209101813871,1.271236051220739,2.081300764170442,1.2802175123867325,0.49151093513895644,1.218938565603732,-3.588737846422931,0.9272246870779313,0.014464567852212899,0.0221658728214318,7.325913105439655,0.0186991102864287,0.01935475926210133,-0.0003758127452187258,0.14268464530859176,0.2131902686601213,0.006482434824500075,0.006411975931741575,0.2201649857260079,0.10673902123188544,0.21472506360461824,0.09793129173694931,2019Q2
Technology,Information Technology Services,0.22876229564241365,1.5183531693547252,1.899065983383434,1.16395761151038,0.2445464428087283,4.444905612092091,46.98069267961555,18.859364988887876,0.0024315589711116498,0.01899789391588828,16.437344358113805,0.003972803617865312,0.011930433833271255,-0.008672121554839771,0.31513518936742274,0.10938570491851983,-0.011529559756186011,-0.016917063742678585,0.052171422547885586,0.028280065570469793,0.00013139953142536685,0.05321896274190765,2019Q2
Technology,Scientific & Technical Instruments,0.17158643060048434,2.197905649235717,3.0333684849634754,0.5228154141361677,0.16321527710158673,-15.909685112400666,131.20269631455776,51.93621229769004,-0.06166337590516087,0.07607785452865146,23.371990079377586,-0.04175455466848106,-1.4940531036038753,-1.478818802549523,0.381136183239983,0.2692991369925116,-0.10870775422130205,-0.11421765690176838,0.6202745211600981,0.06045657791167854,0.21659378211384217,0.059135299641262455,2019Q2
Technology,Semiconductor Equipment & Materials,0.13963120028737144,2.917825431972735,4.317057911378078,0.6309012658867784,0.1535079889703111,2.5416652841445266,19.798001280861392,12.517325130382789,0.01265192555998828,0.01807105680654319,8.121685424021136,0.017847274158154153,0.10716931049460146,0.06656574982443927,0.4455814116426269,-0.16309212983933946,0.04068679309465318,0.021468869641010885,-0.1571189955949147,0.018045902192787334,0.24293292985586504,0.021923087297291966,2019Q2
Technology,Semiconductors,0.18388111795075254,2.4661157214519824,3.355213402940246,0.8096274206809061,0.14354848104291681,2.7960627633219155,38.835436720827346,12.12204355612837,0.0010335363941333746,0.0022433199873612593,11.40809482521456,-0.002930653995724671,0.00974971155456688,-0.017440938979871298,0.42486403757379804,0.4351828491487361,0.012221799881228445,0.007999139930461247,0.4138837831433248,0.0466983911040739,0.23027630970423896,0.0361574515084323,2019Q2
Technology,Software—Application,0.20427094204567744,1.2630196156295739,1.5885853881986383,0.7313813997973521,0.1705993908760111,-25.466357954689222,439.2010087003427,49.99808492255327,-6.490652136175727e-05,-0.042073572521653946,-48.654173672843434,-0.013696695868027351,-0.5353802629355411,-0.5435665376271214,0.5906251720501902,0.16209514224200924,0.19986016856035604,0.29678881256611006,0.2045541133959701,0.12508254437063324,-0.0010247450582295428,0.12571678326726063,2019Q2
Technology,Software—Infrastructure,0.15013194844739206,1.6083253973536693,1.9541332582730155,1.5189275433106049,0.15080867804661416,11.368403500987712,-223.78499515234913,33.70774573890238,-0.017248706560411425,-0.024352786870613406,-15.44194085957137,-0.014850759377573765,-0.23931725236872275,-0.30305555620849794,0.6200805737202885,0.16019111960206858,0.03447276632380217,0.3617753637729736,0.15520469045634544,0.09438704633414569,0.08080392600922169,0.09377914075644866,2019Q2
Technology,Solar,0.3073543489239845,0.679612194306132,1.0866688367185613,1.6153235696197903,0.18349785133675073,1.3067147284921248,-0.615892920194484,6.067939123739998,-0.011885511221664041,-0.07429170013459847,-2.4854657473781514,0.009188516924003591,-0.003606351885408515,-0.11929838569184492,0.168002111977003,0.9400587568891448,0.13259899707242367,0.15722241066934847,0.7547455487865297,0.16756015760407386,0.8973564430067601,2.7638030036822157,2019Q2
Technology,Telecom Services - Foreign,0.0597585218014729,0.6805220064623396,0.8399159268438059,5.38984663606851,0.0989213322036107,2.096623442572484,20.48019378075451,3.0850168361884367,0.0070227465293619,0.0482480689577969,10.86376868474478,0.0424263376303536,0.1485751935430736,0.0709932465821116,0.7314281008071158,0.0,0.0108341467111177,-0.0063086984884284,-0.0691144708423326,0.0136071458385507,0.0933333333333333,0.0201010797151389,2019Q2
Utilities,Utilities—Diversified,0.3236049248858825,0.6281333536018872,1.017024425292694,2.1899122550929593,0.05897233093471168,2.156213989267972,9.67294011791473,10.64337330650048,0.005146909084193823,0.01656030161445057,30.986213074231447,0.012007516379553761,0.15707532853657136,0.09046721064293442,0.3055445423532028,-0.3875486370085933,-0.03344488909636964,-0.04130193379007229,-0.4387987568684253,-0.12176608472541738,-0.3578561069305957,-0.20628060461755532,2019Q2
Utilities,Utilities—Independent Power Producers,0.37946047020037876,0.8150624932874491,1.3875932591350622,1.7980243038233208,0.08781549584472595,-0.3475693352281046,-92.77923568237077,7.046913966124836,0.0077997648970549,-0.0214291483980154,21.24804805284556,0.024297623555939778,0.1483526882202989,0.03331271853165495,0.36275079948026057,0.6786966889074479,-0.04777841538059774,0.06642648861628961,0.6330775910363091,-0.015649529664350535,0.02152689842057013,0.21949473872394515,2019Q2
Utilities,Utilities—Regulated Electric,0.3660485060785543,0.4448771010090095,0.7680504741092472,2.5103125930325283,0.05417196492840424,1.8832194445104766,15.72897429752252,10.766205420332987,0.0027788212822807243,0.014247453468601857,15.890864334119604,0.009882418906171184,0.1393866859568866,0.08061403355608894,0.4027304695233212,-0.4039111301279276,-0.03175228626521332,-0.012118914249599764,-1.3872625699648218,-0.12217292058899028,-1.4679693433368737,-0.04593154251166357,2019Q2
Utilities,Utilities—Regulated Gas,0.361911119679591,0.47922933077968727,0.8624383324606602,2.052230288686471,0.06628562324591486,2.3762981978223654,43.12796844918649,7.473472338191461,0.013999261802407768,0.03783446673519985,15.964190801034055,0.023253055485046976,0.27275993882455424,0.15645455998048263,0.47355000980329776,0.23946708346036802,0.06734404457201203,0.053339794023108913,0.1928213137351711,-0.06518544652523824,0.06244796140053765,-0.009537667744516984,2019Q2
Utilities,Utilities—Regulated Water,0.26951931838682336,2.23079021781727,2.633063974023501,1.0572415266741777,0.03708658740559518,2.630709684443729,-93.02032350337366,25.63132484235971,0.008049640965568408,0.023036299373232264,26.693897829995755,0.011949765300562326,0.20896058390950245,0.1578609840136657,0.5832430015154603,0.26885320956620373,0.020625693095938317,0.006003798200389182,0.1333862900743999,0.08912524065066339,0.1048980346692212,0.105098695218519,2019Q2
Utilities,Utilities—Renewable,0.47577258435335723,0.7437745579486605,1.0866463355998324,1.9182630263790628,0.026631329306681464,0.9058883692010065,33.538790585285284,11.955866210254493,0.0028505099205233197,0.0012943964593204334,4.178975949277659,0.010728518742128471,0.2651774632414445,0.04533303808437324,0.6605282546135515,0.7875501005890557,-0.013032195036708365,0.0022939756726654487,0.7714215184479225,0.09599438253376513,-0.5069987241338143,0.19008266321205486,2019Q2
